Temp	Name	Strain	Accession
22,5	Methanoculleus marisnigri	JR1	NC_009051
23,5	Methanococcoides burtonii	DSM 6242	NC_007955
33,5	Halorubrum lacusprofundi	ATCC 49239	NC_012029
33,5	Methanospirillum hungatei	JF-1	NC_007796
35	Methanococcoides methylutens	MM1	NZ_CP009518
35	Methanohalophilus halophilus	Z-7982	NZ_CP017921
35	Methanohalophilus mahii	DSM 5219	NC_014002
35	Methanosarcina barkeri	227	NZ_CP009530
35	Methanosarcina barkeri	3	NZ_CP009517
35	Methanosarcina barkeri	CM1	NZ_CP008746
35	Methanosarcina barkeri	Fusaro	NC_007355
35	Methanosarcina barkeri	MS	NZ_CP009528
35	Methanosarcina barkeri	Wiesmoor	NZ_CP009526
35	Methanosarcina mazei	Go1	NC_003901
35	Methanosarcina mazei	LYC	NZ_CP009513
35	Methanosarcina mazei	S-6	NZ_CP009512
35	Methanosarcina mazei	SarPi	NZ_CP009511
35	Methanosarcina mazei	WWM610	NZ_CP009509
37	Methanobrevibacter ruminantium	M1	NC_013790
37	Methanobrevibacter smithii	ATCC 35061; PS; DSMZ 861	NC_009515
37	Methanocorpusculum labreanum	Z	NC_008942
37	Methanoculleus bourgensis	[isolate BA1]	NZ_LT549891
37	Methanoculleus bourgensis	MS2T	NC_018227
37	Methanolobus psychrophilus	R15	NC_018876
37	Methanosphaera stadtmanae	DSM 3091	NC_007681
37	Natronobacterium gregoryi	SP2	NC_019792
37,5	Haloarcula hispanica	CGMCC 1.2049	NC_015948
37,5	Haloarcula hispanica	N601	NC_023013
37,5	Haloferax gibbonsii	ARA6	NZ_CP011947
37,5	Methanobacterium formicicum	DSM1535	NZ_LN515531
37,5	Methanobacterium formicicum	[isolate Mb9]	NZ_LN734822
37,5	Methanobacterium formicicum	BRM9	NZ_CP006933
37,5	Methanococcus aeolicus	Nankai-3	NC_009635
37,5	Methanococcus maripaludis	C5	NC_009135
37,5	Methanococcus maripaludis	C6	NC_009975
37,5	Methanococcus maripaludis	C7	NC_009637
37,5	Methanococcus maripaludis	S2	NC_005791
37,5	Methanococcus maripaludis	X1	NC_015847
37,5	Methanococcus vannielii	SB	NC_009634
37,5	Methanococcus voltae	A3	NC_014222
37,5	Methanosaeta concilii	GP6	NC_015416
37,5	Methanosarcina acetivorans	C2A	NC_003552
37,5	Natronococcus occultus	SP4	NC_019974
38,5	Methanosarcina vacuolata	Z-761	NZ_CP009520
38,5	Natrialba magadii	ATCC 43099	NC_013922
38,5	Natrinema pellirubrum	DSM 15624	NC_019962
40	Halogeometricum borinquense	PR 3	NC_014729
45	Haloarcula marismortui	ATCC 43049	NC_006396
45	Haloferax volcanii	DS2	NC_013967
45	Haloterrigena turkmenica	DSM 5511	NC_013743
45	Natronomonas pharaonis	Gabara	NC_007426
47,5	Methanohalobium evestigatum	Z-7303	NC_014253
48,5	Haloferax mediterranei	CGMCC 1.2087	NC_017941
50	Halobacterium salinarum	DSM 671 = R1	NC_010364
50	Halobacterium salinarum	NRC-1; ATCC 700922	NC_002607
52,5	Methanosarcina thermophila	TM-1	NZ_CP009501
59	Thermoplasma acidophilum	DSM 1728	NC_002578
60	Methanothermobacter marburgensis	Marburg	NC_014408
60	Methanothermobacter thermautotrophicus	Delta H	NC_000916
60	Methanothermobacter wolfeii	[isolate SIV6]	NZ_LT608329
60	Thermoplasma volcanium	GSS1	NC_002689
62,5	Methanothermococcus okinawensis	IH1	NC_015636
72,5	Sulfolobus acidocaldarius	DG1	NZ_CP020364
72,5	Sulfolobus acidocaldarius	DSM 639	NC_007181
72,5	Sulfolobus acidocaldarius	N8	NC_020246
72,5	Sulfolobus acidocaldarius	Ron12/I	NC_020247
72,5	Sulfolobus acidocaldarius	Y14 13-1	NZ_CP020363
72,5	Sulfolobus acidocaldarius	Y14 16-22	NZ_CP020362
72,5	Sulfolobus acidocaldarius	Y14 18-5	NZ_CP020360
72,5	Sulfolobus acidocaldarius	Y14 20-20	NZ_CP020361
75	Metallosphaera cuprina	Ar-4	NC_015435
75	Metallosphaera sedula	ARS120-1	NZ_CP012174
75	Metallosphaera sedula	ARS120-2	NZ_CP012175
75	Metallosphaera sedula	ARS50-1	NZ_CP012172
75	Metallosphaera sedula	ARS50-2	NZ_CP012173
75	Metallosphaera sedula	DSM 5348	NC_009440
75	Metallosphaera sedula	SARC-M1	NZ_CP012176
80	Archaeoglobus veneficus	SNP6	NC_015320
80	Methanocaldococcus vulcanius	M7	NC_013407
80	Thermococcus profundus	DT 5432	NZ_CP014862
82	Archaeoglobus profundus	DSM 5631	NC_013741
82,5	Methanothermus fervidus	DSM 2088	NC_014658
83	Archaeoglobus fulgidus	DSM 4304	NC_000917
83	Archaeoglobus fulgidus	DSM 8774	NZ_CP006577
84	Thermococcus gorgonarius	W-12	NZ_CP014855
84	Thermococcus pacificus	P-4	NZ_CP015102
85	Caldivirga maquilingensis	IC-167	NC_009954
85	Desulfurococcus mucosus	DSM 2162	NC_014961
85	Ferroglobus placidus	DSM 10642	NC_013849
85	Methanocaldococcus bathoardescens	JH146	NZ_CP009149
85	Methanocaldococcus fervens	AG86	NC_013156
85	Methanocaldococcus infernus	ME	NC_014122
85	Methanocaldococcus jannaschii	DSM 2661	NC_000909
85	Sulfolobus solfataricus	98/2	NC_017274
85	Sulfolobus solfataricus	P1	NZ_LT549890
85	Sulfolobus solfataricus	P2	NC_002754
85	Sulfolobus solfataricus	SULA	NZ_CP011057
85	Sulfolobus solfataricus	SULB	NZ_CP011055
85	Sulfolobus solfataricus	SULC	NZ_CP011056
85	Thermococcus barophilus	CH5	NZ_CP013050
85	Thermococcus barophilus	MP	NC_014804
85	Thermococcus chitonophagus	[isolate 1]	NZ_LN999010
85	Thermococcus chitonophagus	GC74	NZ_CP015193
85	Thermococcus peptonophilus	OG-1	NZ_CP014750
85	Thermosphaera aggregans	DSM 11486	NC_014160
87,5	Thermofilum pendens	Hrk 5	NC_008698
88	Methanotorris igneus	Kol 5	NC_015562
88	Thermococcus celer	Vu 13	NZ_CP014854
88	Thermococcus guaymasensis	DSM 11113	NZ_CP007140
88	Thermococcus litoralis	DSM 5473	NC_022084
90	Ignicoccus islandicus	DSM 13165	NZ_CP006867
90	Thermoproteus tenax	Kra 1	NC_016070
90	Thermoproteus uzoniensis	768-20	NC_015315
91	Desulfurococcus amylolyticus	1221n	NC_011766
91	Desulfurococcus amylolyticus	DSM 16532	NC_018001
92	Staphylothermus marinus	F1	NC_009033
96	Pyrococcus abyssi	Orsay	NC_000868
98	Pyrococcus horikoshii	OT3	NC_000961
100	Pyrobaculum islandicum	DSM 4184	NC_008701
100	Pyrococcus furiosus	COM1	NC_018092
100	Pyrococcus furiosus	DSM 3638	NC_003413
106	Pyrolobus fumarii	1A	NC_015931
114	Hyperthermus butylicus	DSM 5456	NC_008818
7	Clostridium estertheticum		NZ_CP015756
7	Octadecabacter antarcticus		NC_020911
7	Shewanella violacea		NC_014012
9,5	Colwellia psychrerythraea		NC_003910
9,5	Octadecabacter arcticus		NC_020908
10	Desulfotalea psychrophila		NC_006138
10	Photobacterium profundum		"""NC_006370, NC_006371"""
12,5	Psychroflexus torquis		NC_018721
15	Cellulophaga algicola		NC_014934
15	Rhodoferax antarcticus		NZ_CP019240
16,5	Piscirickettsia salmonis		NZ_CP011849
16,5	Renibacterium salmoninarum		NC_010168
17,5	Cellulophaga baltica		NZ_CP009976
17,5	Flavobacterium psychrophilum		NC_009613
17,5	Terriglobus roseus		NC_018014
18	Psychrobacter urativorans		NZ_CP012678
20	Aequorivita sublithincola		NC_018013
20	Fluviicola taffensis		NC_015321
20	Pedobacter cryoconitis		NZ_CP014504
20	Pseudomonas fragi		NZ_CP013861
20	Sorangium cellulosum		NC_010162
20	Vibrio anguillarum		"""NC_015633, NC_015637"""
21	Antarctobacter heliothermus		NZ_CP022540
21	Shewanella frigidimarina		NC_008345
21,5	Croceibacter atlanticus		NC_014230
21,5	Flavobacterium branchiophilum		NC_016001
21,5	Salinispora tropica		NC_009380
22	Oenococcus oeni		NC_008528
22	Pediococcus damnosus		NZ_CP012288
22	Tolumonas auensis		NC_012691
22,5	Acinetobacter johnsonii		NZ_CP010350
22,5	Arthrobacter alpinus		NZ_CP012677
22,5	Brevibacterium linens		NZ_CP014869
22,5	Maricaulis maris		NC_008347
22,5	Microterricola viridarii		NZ_CP014145
22,5	Nocardia seriolae		NZ_CP017839
22,5	Pelodictyon phaeoclathratiforme		NC_011060
22,5	Pseudarthrobacter sulfonivorans		NZ_CP013747
22,5	Rhodococcus jostii		NC_008268
22,5	Shewanella woodyi		NC_010506
23	Singulisphaera acidiphila		NC_019892
23,5	Aeromonas salmonicida		NC_009348
23,5	Chitinophaga pinensis		NC_013132
23,5	Lactobacillus lindneri		NZ_CP014907
24	Salinispora arenicola		NC_009953
24,5	Clavibacter michiganensis		NC_010407
25	Aeromonas media		NZ_CP007567
25	Alcanivorax borkumensis		NC_008260
25	Aliivibrio fischeri		"""NC_006840, NC_006841"""
25	Azotobacter chroococcum		NZ_CP010415
25	Bdellovibrio bacteriovorus		NZ_CP002190
25	Beijerinckia indica		NC_010581
25	Belliella baltica		NC_018010
25	Catenulispora acidiphila		NC_013131
25	Chlorobium phaeobacteroides		NC_010831
25	Chlorobium phaeovibrioides		NC_009337
25	Chloroherpeton thalassium		NC_011026
25	Coraliomargarita akajimensis		NC_014008
25	Crinalium epipsammum		NC_019753
25	Hirschia baltica		NC_012982
25	Leuconostoc citreum		NC_010471
25	Leuconostoc gelidum		NC_014319
25	Leuconostoc lactis		NZ_CP016598
25	Leuconostoc mesenteroides		NC_008531
25	Marinomonas mediterranea		NC_015276
25	Microlunatus phosphovorus		NC_015635
25	Nakamurella multipartita		NC_013235
25	Nocardioides dokdonensis		NZ_CP015079
25	Pedobacter heparinus		NC_013061
25	Pseudarthrobacter chlorophenolicus		NC_011886
25	Pseudoalteromonas luteoviolacea		"""NZ_CP015411, NZ_CP015412"""
25	Roseobacter denitrificans		NC_008209
25	Roseobacter litoralis		NC_015730
25	Shewanella pealeana		NC_009901
25	Sodalis glossinidius		NC_007712
25	Spirosoma rigui		NZ_CP020105
25	Sporosarcina psychrophila		NZ_CP014616
25	Sporosarcina ureae		NZ_CP015109
25	Tatumella citrea		NZ_CP015579
25	Vibrio nigripulchritudo		"""NC_022528, NC_022543"""
25,5	Rathayibacter toxicus		NZ_CP013292
25,5	Rathayibacter tritici		NZ_CP015515
26	Cellulophaga lytica		NC_015167
26	Geodermatophilus obscurus		NC_013757
26	Vibrio scophthalmi		"""NZ_CP016307, NZ_CP016308"""
26,5	Agrobacterium rhizogenes		"""NZ_CP019701, NZ_CP019702"""
26,5	Agrobacterium tumefaciens		"""NZ_CP011246, NZ_CP011247"""
26,5	Agrobacterium vitis		"""NC_011989, NC_011988"""
26,5	Bartonella bacilliformis		NC_008783
26,5	Haliscomenobacter hydrossis		NC_015510
27	Bacillus flexus		NZ_CP016790
27	Cupriavidus necator		"""NC_015726, NC_015723"""
27	Ensifer adhaerens		NZ_CP015880
27	Pirellula staleyi		NC_013720
27	Xylella fastidiosa		NC_002488
27,5	Anaerotignum propionicum		NZ_CP014223
27,5	Asticcacaulis excentricus		"""NC_014816, NC_014817"""
27,5	Blastochloris viridis		NZ_CP012946
27,5	Brachybacterium faecium		NC_013172
27,5	Bradyrhizobium japonicum		NC_017249
27,5	Brevundimonas subvibrioides		NC_014375
27,5	Brevundimonas vesicularis		NZ_CP022048
27,5	Campylobacter fetus		NC_022759
27,5	Caulobacter henricii		NZ_CP013002
27,5	Caulobacter vibrioides		NC_002696
27,5	Chryseobacterium indologenes		NZ_CP018786
27,5	Coriobacterium glomerans		NC_015389
27,5	Corynebacterium variabile		NC_015859
27,5	Cyclobacterium amurskyense		NZ_CP012040
27,5	Cyclobacterium marinum		NC_015914
27,5	Edwardsiella ictaluri		NC_012779
27,5	Erythrobacter litoralis		NZ_CP017057
27,5	Flavobacterium columnare		NC_016510
27,5	Flavobacterium johnsoniae		NC_009441
27,5	Frateuria aurantia		NC_017033
27,5	Gluconobacter oxydans		NC_019396
27,5	Marichromatium purpuratum		NZ_CP007031
27,5	Mesorhizobium amorphae		NZ_CP015318
27,5	Mesorhizobium ciceri		NC_014923
27,5	Mesorhizobium loti		"""NC_002678, NC_002679"""
27,5	Methylobacterium extorquens		NC_012808
27,5	Methylobacterium radiotolerans		NC_010505
27,5	Methylobacterium zatmanii		NZ_CP021054
27,5	Microbacterium paludicola		NZ_CP018134
27,5	Pararhodospirillum photometricum		NC_017059
27,5	Pseudodesulfovibrio aespoeensis		NC_014844
27,5	Pseudomonas azotoformans		NZ_CP014546
27,5	Pseudomonas fulva		NC_015556
27,5	Pseudomonas putida		NC_002947
27,5	Rhizobium etli		NC_007761
27,5	Rhizobium gallicum		NZ_CP006877
27,5	Rhizobium leguminosarum		NZ_CP007045
27,5	Rhizobium tropici		NC_020059
27,5	Runella slithyformis		NC_015703
27,5	Sanguibacter keddieii		NC_013521
27,5	Sinorhizobium fredii		NC_012587
27,5	Sinorhizobium medicae		NC_009636
27,5	Sinorhizobium meliloti		NC_003047
27,5	Starkeya novella		NC_014217
27,5	Streptomyces albus		NZ_CP010519
27,5	Thioflavicoccus mobilis		NC_019940
27,5	Xanthobacter autotrophicus		NC_009720
27,5	Zymomonas mobilis		NC_017262
28	Bacillus endophyticus		NZ_CP011974
28	Beutenbergia cavernae		NC_012669
28	Burkholderia pyrrocinia		"""NZ_CP011503, NZ_CP011504, NZ_CP011505"""
28	Corynebacterium halotolerans		NC_020302
28	Desulfobacula toluolica		NC_018645
28	Desulfosporosinus meridiei		NC_018515
28	Dyadobacter fermentans		NC_013037
28	Gottschalkia acidurici		NC_018664
28	Leifsonia xyli		NC_022438
28	Microbacterium chocolatum		NZ_CP015810
28	Nocardiopsis alba		NC_018524
28	Paenibacillus borealis		NZ_CP009285
28	Paenibacillus graminis		NZ_CP009287
28	Paenibacillus odorifer		NZ_CP009428
28	Paenibacillus stellifer		NZ_CP009286
28	Photorhabdus asymbiotica		NC_012962
28	Photorhabdus luminescens		NC_005126
28	Photorhabdus temperata		NZ_CP011104
28	Saccharothrix espanaensis		NC_019673
28	Staphylococcus succinus		NZ_CP018199
28	Sulfurospirillum deleyianum		NC_013512
28	Xanthomonas albilineans		NC_013722
28	Xanthomonas axonopodis		NC_020800
28	Xanthomonas campestris		NC_003902
28	Xanthomonas fragariae		NZ_CP016830
28	Xanthomonas oryzae		NC_010717
28	Xanthomonas sacchari		NZ_CP010409
28	Xanthomonas translucens		NZ_CP008714
28	Xanthomonas vesicatoria		NZ_CP018725
28	Xenorhabdus bovienii		NC_013892
28	Xenorhabdus nematophila		NZ_LN681227
28	Xenorhabdus poinarii		NZ_FO704551
28	Xylanimonas cellulosilytica		NC_013530
28,5	Actinoalloteichus hymeniacidonis		NZ_CP014859
28,5	Alcaligenes faecalis		NZ_CP013119
28,5	Erwinia amylovora		NC_013961
28,5	Erwinia billingiae		NC_014306
28,5	Erwinia pyrifoliae		NC_012214
28,5	Obesumbacterium proteus		NZ_CP014608
28,5	Ochrobactrum anthropi		"""NC_009667, NC_009668"""
28,5	Pectobacterium carotovorum		NC_012917
28,5	Yersinia aldovae		NZ_CP009781
28,5	Yersinia enterocolitica		NC_008800
28,5	Yersinia frederiksenii		NZ_CP009364
28,5	Yersinia intermedia		NZ_CP009801
28,5	Yersinia kristensenii		NZ_CP009997
28,5	Yersinia pestis		NC_003143
28,5	Yersinia pseudotuberculosis		NZ_CP008943
28,5	Yersinia rohdei		NZ_CP009787
28,5	Yersinia ruckeri		NZ_CP011078
29	Actinosynnema mirum		NC_013093
29	Bacillus atrophaeus		NZ_CP021500
29	Bacillus subtilis		NC_000964
29	Bacillus vallismortis		NZ_CP020893
29	Ketogulonicigenium robustum		NZ_CP019937
29	Ketogulonicigenium vulgare		NC_017384
29	Kribbella flavida		NC_013729
29	Mesoplasma florum		NC_006055
29	Myxococcus fulvus		NC_015711
29	Nitrobacter hamburgensis		NC_007964
29	Nitrobacter winogradskyi		NC_007406
29	Nocardiopsis gilva		NZ_CP022753
29	Owenweeksia hongkongensis		NC_016599
29	Paenibacillus peoriae		NZ_CP011512
29	Pontibacter akesuensis		NZ_CP014766
29	Porphyrobacter neustonensis		NZ_CP016033
29	Pseudomonas resinovorans		NC_021499
29	Rhodopirellula baltica		NC_005027
29	Turneriella parva		NC_018020
29,5	Aeromonas hydrophila		NC_008570
29,5	Elizabethkingia meningoseptica		NZ_CP016378
29,5	Elizabethkingia miricola		NZ_CP011059
29,5	Pragia fontium		NZ_CP010423
30	Acetobacter aceti		NZ_CP014692
30	Acetobacter pasteurianus		NZ_CP015164
30	Acetobacterium woodii		NC_016894
30	Acholeplasma brassicae		NC_022549
30	Acholeplasma palmae		NC_022538
30	Allochromatium vinosum		NC_013851
30	Bacillus simplex		NZ_CP011008
30	Brevibacillus brevis		NC_012491
30	Brevibacillus formosus		NZ_CP018145
30	Brevibacillus laterosporus		NZ_CP007806
30	Cellulomonas fimi		NC_015514
30	Cellulomonas flavigena		NC_014151
30	Chlorobium limicola		NC_010803
30	Clostridium aceticum		NZ_CP009687
30	Clostridium saccharoperbutylacetonicum		NC_020291
30	Corynebacterium ammoniagenes		NZ_CP009244
30	Cytophaga hutchinsonii		NC_008255
30	Dehalobacter restrictus		NZ_CP007033
30	Deinococcus proteolyticus		NC_015161
30	Deinococcus radiodurans		"""NC_001263, NC_001264"""
30	Desulfitobacterium metallireducens		NZ_CP007032
30	Desulfocapsa sulfexigens		NC_020304
30	Dokdonia donghaensis		NZ_CP015125
30	Enterobacter asburiae		NZ_CP011863
30	Enterobacter cloacae		NC_014121
30	Enterobacter kobei		NZ_CP017181
30	Gemmatimonas aurantiaca		NC_012489
30	Gluconacetobacter diazotrophicus		NC_011365
30	Hafnia alvei		NZ_CP009706
30	Halothiobacillus neapolitanus		NC_013422
30	Hydrogenovibrio crunogenus		NC_007520
30	Hyphomicrobium denitrificans		NC_014313
30	Ilyobacter polytropus		NC_014632
30	Isoptericola dokdonensis		NZ_CP014209
30	Jonesia denitrificans		NC_013174
30	Leptospira borgpetersenii		"""NC_008508, NC_008509"""
30	Leptospira interrogans		"""NC_004342, NC_004343"""
30	Leptospira santarosai		"""NZ_CP006694, NZ_CP006695"""
30	Magnetospirillum gryphiswaldense		NC_023065
30	Microbacterium aurum		NZ_CP018762
30	Microbacterium testaceum		NC_015125
30	Muricauda ruestringensis		NC_015945
30	Mycobacterium immunogenum		NZ_CP011530
30	Mycobacterium marinum		NZ_HG917972
30	Mycoplasma crocodyli		NC_014014
30	Mycoplasma mobile		NC_006908
30	Neisseria weaveri		NZ_LT571436
30	Oceanobacillus iheyensis		NC_004193
30	Oligotropha carboxidovorans		NC_015684
30	Paenibacillus polymyxa		NC_014622
30	Paenibacillus terrae		NC_016641
30	Paludibacter propionicigenes		NC_014734
30	Pantoea agglomerans		NZ_CP016889
30	Pantoea ananatis		NC_013956
30	Pantoea stewartii		NZ_CP017581
30	Paracoccus aminophilus		NC_022041
30	Pediococcus pentosaceus		NC_008525
30	Prosthecochloris aestuarii		NC_011059
30	Pseudoalteromonas atlantica		NC_008228
30	Pseudoalteromonas espejiana		"""NZ_CP011028, NZ_CP011029"""
30	Pseudoalteromonas haloplanktis		"""NC_007481, NC_007482"""
30	Pseudoalteromonas nigrifaciens		"""NZ_CP011036, NZ_CP011037"""
30	Pseudoalteromonas piscicida		"""NZ_CP021646, NZ_CP021647"""
30	Pseudoalteromonas rubra		"""NZ_CP013611, NZ_CP013612"""
30	Pseudomonas chlororaphis		NZ_CP008696
30	Pseudomonas cichorii		NZ_CP007039
30	Pseudomonas citronellolis		NZ_CP015878
30	Pseudomonas mandelii		NZ_CP005960
30	Pseudomonas monteilii		NZ_CP013997
30	Pseudonocardia dioxanivorans		NC_015312
30	Rahnella aquatilis		NC_017047
30	Rhodomicrobium vannielii		NC_014664
30	Robiginitalea biformata		NC_013222
30	Rubrivivax gelatinosus		NC_017075
30	Saprospira grandis		NC_016940
30	Shewanella oneidensis		NC_004347
30	Spiroplasma atrichopogonis		NZ_CP011855
30	Spiroplasma chrysopicola		NC_021280
30	Spiroplasma kunkelii		NZ_CP010899
30	Spiroplasma sabaudiense		NZ_CP006934
30	Spiroplasma taiwanense		NC_021846
30	Spiroplasma turonicum		NZ_CP012328
30	Staphylococcus equorum		NZ_CP013114
30	Staphylococcus xylosus		NZ_CP007208
30	Thiobacillus denitrificans		NC_007404
30	Thiocystis violascens		NC_018012
30	Treponema azotonutricium		NC_015577
30	Treponema primitia		NC_015578
30	Virgibacillus necropolis		NZ_CP022437
30,5	Mycobacterium vanbaalenii		NC_008726
31	Acidiphilium multivorum		NC_015186
31	Acidobacterium capsulatum		NC_012483
31	Corynebacterium glutamicum		NC_003450
31	Corynebacterium marinum		NZ_CP007790
31	Dermacoccus nishinomiyaensis		NZ_CP008889
31	Echinicola vietnamensis		NC_019904
31	Mycobacterium aurum		NZ_LT549889
31	Mycobacterium chimaera		NZ_CP012885
31	Mycobacterium chubuense		NC_018027
31	Mycobacterium gilvum		NC_014814
31	Mycobacterium haemophilum		NZ_CP011883
31	Mycobacterium neoaurum		NC_023036
31	Pelobacter acetylenicus		NZ_CP015455
31	Propionibacterium freudenreichii		NZ_CP010341
31,5	Staphylococcus saprophyticus		NC_007350
32	Blastococcus saxobsidens		NC_016943
32	Borreliella burgdorferi		NC_001318
32	Clostridium saccharobutylicum		NC_022571
32	Herbaspirillum frisingense		NZ_CP018845
32	Herbaspirillum rubrisubalbicans		NZ_CP013737
32	Herbaspirillum seropedicae		NZ_CP011930
32	Kytococcus sedentarius		NC_013169
32	Marinobacter hydrocarbonoclasticus		NC_017067
32	Rhodobacter sphaeroides		NC_009428
32	Spiroplasma cantharicola		NZ_CP012622
32	Spiroplasma citri		NZ_CP013197
32	Spiroplasma corruscae		NZ_CP022535
32	Spiroplasma diminutum		NC_021833
32	Spiroplasma helicoides		NZ_CP017015
32	Spiroplasma litorale		NZ_CP012357
32	Spiroplasma syrphidicola		NC_021284
32,5	Acidithiobacillus ferrooxidans		NC_011761
32,5	Alteromonas macleodii		NC_018632
32,5	Burkholderia cepacia		"""NZ_CP012981, NZ_CP012982, NZ_CP012983"""
32,5	Burkholderia gladioli		"""NZ_CP009323, NZ_CP009322"""
32,5	Burkholderia glumae		"""NZ_CP009435, NZ_CP009434"""
32,5	Chromobacterium violaceum		NC_005085
32,5	Conexibacter woesei		NC_013739
32,5	Desulfomicrobium baculatum		NC_013173
32,5	Intrasporangium calvum		NC_014830
32,5	Methylomonas methanica		NC_015572
32,5	Mycobacterium abscessus		NC_010397
32,5	Nocardiopsis dassonvillei		"""NC_014210, NC_014211"""
32,5	Paenibacillus larvae		NZ_CP019687
32,5	Prauserella marina		NZ_CP016353
32,5	Rhodobacter capsulatus		NC_014034
32,5	Rhodospirillum rubrum		NC_007643
32,5	Rhodovulum sulfidophilum		NZ_CP015418
32,5	Shewanella putrefaciens		NC_009438
32,5	Staphylococcus hyicus		NZ_CP008747
32,5	Staphylococcus simulans		NZ_CP014016
32,5	Streptomyces avermitilis		NC_003155
32,5	Tetragenococcus halophilus		NC_016052
32,5	Thiomonas intermedia		NZ_CP020046
33	Desulfovibrio africanus		NC_016629
33	Desulfovibrio desulfuricans		NC_016803
33	Desulfovibrio salexigens		NC_012881
33	Desulfovibrio vulgaris		NC_002937
33	Pelobacter propionicus		NC_008609
33	Rickettsia africae		NC_012633
33	Rickettsia australis		NC_017058
33	Rickettsia conorii		NC_003103
33	Rickettsia japonica		NC_016050
33	Rickettsia montanensis		NC_017043
33	Rickettsia parkeri		NC_017044
33	Rickettsia rickettsii		NZ_CP018913
33	Rickettsia slovaca		NC_016639
33	Segniliparus rotundus		NC_014168
33	Sulfurospirillum barnesii		NC_018002
33,5	[Clostridium] cellulolyticum		NC_011898
33,5	Acidaminococcus fermentans		NC_013740
33,5	Acidiphilium cryptum		NC_009484
33,5	Actinomyces meyeri		NZ_CP012072
33,5	Aminobacter aminovorans		NZ_CP015005
33,5	Bacteroides caccae		NZ_CP022412
33,5	Burkholderia thailandensis		"""NC_007651, NC_007650"""
33,5	Clostridium botulinum		NC_009495
33,5	Clostridium butyricum		"""NZ_CP013252, NZ_CP013489"""
33,5	Clostridium scatologenes		NZ_CP009933
33,5	Clostridium tyrobutyricum		NZ_CP014170
33,5	Corynebacterium diphtheriae		NZ_LN831026
33,5	Corynebacterium maris		NC_021915
33,5	Dialister pneumosintes		NZ_CP017037
33,5	Erysipelothrix rhusiopathiae		NC_015601
33,5	Hyphomonas neptunium		NC_008358
33,5	Leptospirillum ferrooxidans		NC_017094
33,5	Listeria innocua		NC_003212
33,5	Listeria ivanovii		NZ_CP009576
33,5	Listeria monocytogenes		NC_003210
33,5	Listeria seeligeri		NC_013891
33,5	Listeria welshimeri		NC_008555
33,5	Paenibacillus durus		NZ_CP009288
33,5	Paenibacillus kribbensis		NZ_CP020028
33,5	Paenibacillus naphthalenovorans		NZ_CP013652
33,5	Paracoccus denitrificans		"""NC_008686, NC_008687"""
33,5	Prevotella ruminicola		NC_014033
33,5	Pseudarthrobacter phenanthrenivorans		NC_015145
33,5	Rothia mucilaginosa		NC_013715
33,5	Serratia fonticola		NZ_CP011254
33,5	Serratia liquefaciens		NC_021741
33,5	Serratia marcescens		NZ_HG326223
33,5	Serratia proteamaculans		NC_009832
33,5	Serratia rubidaea		NZ_CP014474
33,5	Spirochaeta africana		NC_017098
33,5	Staphylococcus aureus		NC_007795
33,5	Staphylococcus epidermidis		NC_004461
33,5	Thauera chlorobenzoica		NZ_CP018839
33,5	Veillonella parvula		NC_013520
34	Dactylococcopsis salina		NC_019780
34	Moraxella catarrhalis		NC_014147
34	Moraxella ovis		NZ_CP011158
34,5	Parachlamydia acanthamoebae		NC_015702
34,5	Spiroplasma apis		NC_022998
35	Amphibacillus xylanus		NC_018704
35	Bacillus amyloliquefaciens		NC_014551
35	Bartonella tribocorum		NC_010161
35	Clostridium kluyveri		NC_009706
35	Clostridium sporogenes		NZ_CP011663
35	Corynebacterium efficiens		NC_004369
35	Desulfococcus multivorans		NZ_CP015381
35	Macrococcus caseolyticus		NC_011999
35	Melissococcus plutonius		NZ_CP006683
35	Mycobacterium smegmatis		NC_008596
35	Neisseria elongata		NZ_CP007726
35	Nocardia farcinica		NZ_LN868938
35	Nocardia nova		NZ_CP006850
35	Pelobacter carbinolicus		NC_007498
35	Pseudomonas mendocina		NC_009439
35	Pseudomonas stutzeri		NC_015740
35	Rickettsia prowazekii		NC_000963
35	Rickettsia typhi		NC_006142
35	Roseateles depolymerans		NZ_CP013729
35	Roseomonas gilardii		"""NZ_CP015583, NZ_CP015584"""
35	Staphylococcus capitis		NZ_CP007601
35	Staphylococcus haemolyticus		NC_007168
35	Staphylococcus lugdunensis		NC_013893
35	Staphylococcus warneri		NC_020164
35	Syntrophus aciditrophicus		NC_007759
35	Zobellia galactanivorans		NC_015844
35,5	Bifidobacterium asteroides		NC_018720
35,5	Neisseria gonorrhoeae		NC_002946
35,5	Neisseria lactamica		NC_014752
36	[Haemophilus] ducreyi		NC_002940
36	[Haemophilus] parasuis		NC_011852
36	Actinomyces oris		NZ_CP014232
36	Actinomyces radicidentis		NZ_CP014228
36	Bartonella clarridgeiae		NC_014932
36	Bartonella grahamii		NC_012846
36	Bartonella henselae		NC_005956
36	Bartonella quintana		NC_005955
36	Bartonella vinsonii		NC_020301
36	Bordetella avium		NC_010645
36	Bordetella bronchiseptica		NC_019382
36	Bordetella hinzii		NZ_CP012076
36	Bordetella holmesii		NZ_CP007494
36	Bordetella parapertussis		NC_018828
36	Bordetella pertussis		NC_002929
36	Bordetella trematum		NZ_LT546645
36	Campylobacter jejuni		NC_002163
36	Capnocytophaga canimorsus		NC_015846
36	Capnocytophaga haemolytica		NZ_CP014227
36	Capnocytophaga ochracea		NC_013162
36	Clostridium argentinense		NZ_CP014176
36	Corynebacterium jeikeium		NC_007164
36	Desulfotomaculum gibsoniae		NC_021184
36	Enterococcus casseliflavus		NC_020995
36	Enterococcus durans		NZ_CP012384
36	Enterococcus faecalis		NC_004668
36	Enterococcus faecium		NC_017960
36	Enterococcus gallinarum		NZ_CP014067
36	Enterococcus hirae		NC_018081
36	Enterococcus mundtii		NC_022878
36	Fusobacterium nucleatum		NC_003454
36	Gardnerella vaginalis		NC_014644
36	Haemophilus influenzae		NC_000907
36	Haemophilus parainfluenzae		NC_015964
36	Lawsonia intracellularis		NC_008011
36	Legionella pneumophila		NC_002942
36	Leptotrichia buccalis		NC_013192
36	Methylovorus glucosotrophus		NC_012969
36	Mobiluncus curtisii		NC_014246
36	Morganella morganii		NC_020418
36	Nocardia brasiliensis		NC_018681
36	Ornithobacterium rhinotracheale		NC_018016
36	Pseudopropionibacterium propionicum		NC_018142
36	Rothia dentocariosa		NC_014643
36	Streptobacillus moniliformis		NC_013515
36	Streptococcus parauberis		NC_015558
36	Syntrophomonas wolfei		NC_008346
36	Taylorella equigenitalis		NC_018108
36	Ureaplasma parvum		NC_010503
36	Vibrio cholerae		"""NC_002505, NC_002506"""
36,5	Cutibacterium acnes		NC_006085
36,5	Neisseria meningitidis		NC_003112
36,5	Ureaplasma urealyticum		NC_011374
37	[Clostridium] saccharolyticum		NC_014376
37	[Eubacterium] eligens		NC_012778
37	[Eubacterium] rectale		NC_012781
37	[Eubacterium] sulci		NZ_CP012068
37	Acholeplasma laidlawii		NC_010163
37	Actinobacillus equuli		NZ_CP007715
37	Actinobacillus pleuropneumoniae		NC_009053
37	Actinobacillus succinogenes		NC_009655
37	Actinobacillus suis		NZ_CP009159
37	Akkermansia muciniphila		NC_010655
37	Alistipes finegoldii		NC_018011
37	Aminobacterium colombiense		NC_014011
37	Arcanobacterium haemolyticum		NC_014218
37	Atopobium parvulum		NC_013203
37	Azospira oryzae		NC_016616
37	Azospirillum brasilense		NZ_CP012914
37	Azospirillum lipoferum		NC_016622
37	Bacillus anthracis		NC_003997
37	Bacillus cereus		NC_004722
37	Bacillus thuringiensis		NC_005957
37	Bacteroides dorei		NZ_CP011531
37	Bacteroides fragilis		NC_006347
37	Bacteroides helcogenes		NC_014933
37	Bacteroides ovatus		NZ_CP012938
37	Bacteroides thetaiotaomicron		NC_004663
37	Bacteroides vulgatus		NC_009614
37	Barnesiella viscericola		NZ_CP007034
37	Brucella abortus		"""NC_007618, NC_007624"""
37	Brucella canis		"""NC_010103, NC_010104"""
37	Brucella melitensis		"""NC_003317, NC_003318"""
37	Brucella ovis		"""NC_009505, NC_009504"""
37	Brucella suis		"""NC_004310, NC_004311"""
37	Burkholderia mallei		"""NC_006348, NC_006349"""
37	Burkholderia pseudomallei		"""NC_006350, NC_006351"""
37	Campylobacter hominis		NC_009714
37	Campylobacter sputorum		NZ_CP019683
37	Chlamydia abortus		NC_004552
37	Chlamydia felis		NC_007899
37	Chlamydia muridarum		NC_002620
37	Chlamydia pecorum		NC_015408
37	Chlamydia pneumoniae		NC_000922
37	Chlamydia suis		NZ_LT821323
37	Chlamydia trachomatis		NC_010287
37	Chromohalobacter salexigens		NC_007963
37	Citrobacter amalonaticus		NZ_CP011132
37	Citrobacter braakii		NZ_CP020448
37	Citrobacter farmeri		NZ_CP022695
37	Citrobacter freundii		NZ_CP007557
37	Citrobacter koseri		NC_009792
37	Citrobacter rodentium		NC_013716
37	Clostridium beijerinckii		NZ_CP010086
37	Clostridium cellulovorans		NC_014393
37	Clostridium chauvoei		NZ_LT799839
37	Clostridium formicaceticum		NZ_CP017603
37	Clostridium ljungdahlii		NC_014328
37	Clostridium pasteurianum		NC_021182
37	Clostridium tetani		NC_004557
37	Corynebacterium aquilae		NZ_CP009245
37	Corynebacterium atypicum		NZ_CP008944
37	Corynebacterium phocae		NZ_CP009249
37	Corynebacterium pseudotuberculosis		NC_017301
37	Corynebacterium resistens		NC_015673
37	Corynebacterium simulans		NZ_CP014634
37	Corynebacterium singulare		NZ_CP010827
37	Corynebacterium sphenisci		NZ_CP009248
37	Corynebacterium striatum		NZ_CP021252
37	Corynebacterium urealyticum		NC_010545
37	Corynebacterium ureicelerivorans		NZ_CP009215
37	Desulfarculus baarsii		NC_014365
37	Desulfitobacterium hafniense		NC_011830
37	Desulfobacca acetoxidans		NC_015388
37	Desulfomonile tiedjei		NC_018025
37	Desulfosporosinus orientis		NC_016584
37	Desulfotomaculum acetoxidans		NC_013216
37	Desulfotomaculum reducens		NC_009253
37	Desulfotomaculum ruminis		NC_015589
37	Desulfovibrio piger		NZ_LT630450
37	Edwardsiella hoshinae		NZ_CP016043
37	Edwardsiella tarda		NC_013508
37	Escherichia coli		NC_000913
37	Escherichia fergusonii		NC_011740
37	Eubacterium limosum		NZ_CP019962
37	Fibrobacter succinogenes		NC_017448
37	Filifactor alocis		NC_016630
37	Flavobacterium indicum		NC_017025
37	Francisella tularensis		NC_006570
37	Halanaerobium praevalens		NC_017455
37	Helicobacter bilis		NZ_CP019645
37	Helicobacter cinaedi		NC_020555
37	Helicobacter felis		NC_014810
37	Helicobacter hepaticus		NC_004917
37	Helicobacter mustelae		NC_013949
37	Helicobacter pylori		NC_000915
37	Helicobacter typhlonius		NZ_LN907858
37	Kutzneria albida		NZ_CP007155
37	Lactobacillus mucosae		NZ_CP011013
37	Micrococcus luteus		NC_012803
37	Mycobacterium africanum		NC_015758
37	Mycobacterium bovis		NZ_CP009449
37	Mycobacterium fortuitum		NZ_CP011269
37	Mycobacterium intracellulare		NC_016946
37	Mycobacterium kansasii		NC_022663
37	Mycobacterium leprae		NC_002677
37	Mycobacterium tuberculosis		NC_000962
37	Mycoplasma agalactiae		NC_009497
37	Mycoplasma arginini		NZ_AP014657
37	Mycoplasma arthritidis		NC_011025
37	Mycoplasma bovis		NC_014760
37	Mycoplasma bovoculi		NZ_CP007154
37	Mycoplasma californicum		NZ_CP007521
37	Mycoplasma canadense		NZ_AP014631
37	Mycoplasma canis		NZ_CP014281
37	Mycoplasma capricolum		NC_007633
37	Mycoplasma cynos		NC_019949
37	Mycoplasma dispar		NZ_CP007229
37	Mycoplasma fermentans		NC_014921
37	Mycoplasma flocculare		NZ_CP007585
37	Mycoplasma gallisepticum		NC_004829
37	Mycoplasma genitalium		NC_000908
37	Mycoplasma hominis		NC_013511
37	Mycoplasma hyopneumoniae		NC_007295
37	Mycoplasma hyorhinis		NC_019552
37	Mycoplasma leachii		NC_014751
37	Mycoplasma mycoides		NC_005364
37	Mycoplasma penetrans		NC_004432
37	Mycoplasma pneumoniae		NC_000912
37	Mycoplasma pullorum		NZ_CP017813
37	Mycoplasma pulmonis		NC_002771
37	Mycoplasma putrefaciens		NC_015946
37	Mycoplasma synoviae		NZ_CP011096
37	Mycoplasma yeatsii		NZ_CP007520
37	Parvimonas micra		NZ_CP009761
37	Plesiomonas shigelloides		NZ_LT575468
37	Porphyromonas asaccharolytica		NC_015501
37	Porphyromonas gingivalis		NC_010729
37	Proteus mirabilis		NC_010554
37	Proteus vulgaris		NZ_CP012675
37	Providencia rettgeri		NZ_CP017671
37	Providencia stuartii		NC_017731
37	Riemerella anatipestifer		NC_017045
37	Roseburia hominis		NC_015977
37	Salmonella bongori		NC_015761
37	Salmonella enterica		NC_003198
37	Shigella dysenteriae		NC_007606
37	Shigella sonnei		NC_016822
37	Spiroplasma culicicola		NZ_CP006681
37	Spiroplasma mirum		NZ_CP006720
37	Staphylococcus lutrae		NZ_CP020773
37	Streptococcus agalactiae		NC_004116
37	Streptococcus anginosus		NC_022239
37	Streptococcus constellatus		NC_022238
37	Streptococcus cristatus		NC_021175
37	Streptococcus dysgalactiae		NC_019042
37	Streptococcus equi		NC_012470
37	Streptococcus gallolyticus		NZ_CP018822
37	Streptococcus gordonii		NC_009785
37	Streptococcus infantarius		NC_016826
37	Streptococcus intermedius		NC_022246
37	Streptococcus lutetiensis		NC_021900
37	Streptococcus oralis		NC_015291
37	Streptococcus parasanguinis		NC_015678
37	Streptococcus pasteurianus		NC_015600
37	Streptococcus pneumoniae		NC_003098
37	Streptococcus pyogenes		NC_002737
37	Streptococcus salivarius		NZ_CP009913
37	Streptococcus sanguinis		NC_009009
37	Streptococcus suis		NC_012926
37	Streptococcus uberis		NC_012004
37	Syntrophobacter fumaroxidans		NC_008554
37	Tannerella forsythia		NC_016610
37	Treponema pallidum		NZ_CP003679
37	Treponema putidum		NZ_CP009228
37	Treponema succinifaciens		NC_015385
37	Tropheryma whipplei		NC_004572
37	Wolinella succinogenes		NC_005090
37,5	Clostridium baratii		NZ_CP006905
37,5	Desulfitobacterium dehalogenans		NC_018017
37,5	Eggerthella lenta		NC_013204
37,5	Mycobacterium goodii		NZ_CP012150
37,5	Parascardovia denticolens		NZ_AP012333
37,5	Selenomonas ruminantium		NC_017068
37,5	Selenomonas sputigena		NC_015437
37,5	Staphylococcus sciuri		NZ_CP022046
37,5	Virgibacillus halodenitrificans		NZ_CP017962
38	Brachyspira hyodysenteriae		NZ_CP015910
38	Brachyspira intermedia		NC_017243
38	Brachyspira murdochii		NC_014150
38	Brachyspira pilosicoli		NC_019908
38	Clostridium carboxidivorans		NZ_CP011803
38,5	Desulfohalobium retbaense		NC_013223
38,5	Halorhodospira halophila		NC_008789
38,5	Megasphaera elsdenii		NZ_CP009240
39	Acetohalobium arabaticum		NC_014378
39	Bifidobacterium adolescentis		NC_008618
39	Bifidobacterium angulatum		NZ_AP012322
39	Bifidobacterium bifidum		NC_014638
39	Bifidobacterium breve		NZ_AP012324
39	Bifidobacterium catenulatum		NZ_AP012325
39	Bifidobacterium coryneforme		NZ_CP007287
39	Bifidobacterium dentium		NZ_AP012326
39	Bifidobacterium indicum		NZ_CP006018
39	Bifidobacterium longum		NC_004307
39	Bifidobacterium pseudocatenulatum		NZ_AP012330
39	Bifidobacterium pseudolongum		NZ_CP007457
39	Bifidobacterium scardovii		NZ_AP012331
39	Bifidobacterium thermophilum		NC_020546
39	Nitrospira moscoviensis		NZ_CP011801
39	Pasteurella multocida		NZ_CP008918
39,5	Mycobacterium avium		NC_002944
39,5	Ruminococcus albus		NC_014833
40	Bifidobacterium animalis		NC_012815
40	Cellulosilyticum lentocellum		NC_015275
40	Halobacteroides halobius		NC_019978
40	Pediococcus acidilactici		NZ_CP015206
40	Salinibacter ruber		NC_007677
40	Slackia heliotrinireducens		NC_013165
40,25	Scardovia inopinata		NZ_AP012334
42	Methylobacillus flagellatus		NC_007947
42,5	Saccharomonospora viridis		NC_013159
44	Thermobifida fusca		NC_007333
45	Acidithiobacillus caldus		NZ_CP005986
45	Clostridium novyi		NC_008593
45	Clostridium perfringens		NC_008261
45	Isosphaera pallida		NC_014962
45	Methylococcus capsulatus		NC_002977
46,5	Lactobacillus amylolyticus		NZ_CP020457
47	Deinococcus geothermalis		NC_008025
47	Rubrobacter radiotolerans		NZ_CP007514
47,5	Chlorobaculum tepidum		NC_002932
47,5	Flexistipes sinusarabici		NC_015672
48	Acidimicrobium ferrooxidans		NC_013124
48,5	Bacillus coagulans		NZ_CP009709
50	Mahella australiensis		NC_015520
52	Heliobacterium modesticaldum		NC_010337
52,5	Thermodesulfobium narugense		NC_015499
53,5	Desulfurella acetivorans		NZ_CP007051
53,5	Hippea maritima		NC_015318
55	Bacillus methanolicus		NZ_CP007739
55	Chloroflexus aggregans		NC_011831
55	Desulfotomaculum nigrificans		NC_015565
55	Meiothermus silvanus		NC_014212
55	Syntrophothermus lipocalidus		NC_014220
55	Thermanaerovibrio acidaminovorans		NC_013522
56	Chloroflexus aurantiacus		NC_010175
56,5	Geobacillus subterraneus		NZ_CP014342
57,5	[Clostridium] cellulosi		NZ_LM995447
57,5	Acidothermus cellulolyticus		NC_008578
57,5	Anoxybacillus gonensis		NZ_CP012152
57,5	Geobacillus lituanicus		NZ_CP017692
57,5	Geobacillus thermodenitrificans		NC_009328
57,5	Thermoanaerobacter mathranii		NC_014209
57,5	Thermobispora bispora		NC_014165
58	Moorella thermoacetica		NC_007644
58	Thermacetogenium phaeum		NC_018870
58,5	Thermoanaerobacterium thermosaccharolyticum		NC_014410
60	Anoxybacillus flavithermus		NC_011567
60	Deferribacter desulfuricans		NC_013939
60	Geobacillus thermoleovorans		NZ_CP014335
60	Halothermothrix orenii		NC_011899
60	Meiothermus ruber		NC_013946
60	Rubrobacter xylanophilus		NC_008148
60	Symbiobacterium thermophilum		NC_006177
60	Thermoanaerobacterium xylanolyticum		NC_015555
61	Anoxybacillus amylolyticus		NZ_CP015438
62,5	[Clostridium] stercorarium		NC_020134
62,5	Alicyclobacillus acidocaldarius		NC_013205
62,5	Geobacillus kaustophilus		NC_006510
62,5	Thermoanaerobacter brockii		NC_014964
63	Coprothermobacter proteolyticus		NC_011295
65	Caldanaerobacter subterraneus		NC_003869
65	Fervidobacterium islandicum		NZ_CP014334
65	Thermoanaerobacter pseudethanolicus		NC_010321
65	Thermodesulfovibrio yellowstonii		NC_011296
66	Pseudothermotoga elfii		NC_022792
66	Thermoanaerobacter kivui		NZ_CP009170
66,5	Thermoanaerobacter wiegelii		NC_015958
67	Spirochaeta thermophila		NC_017583
67,5	Thermus parvatiensis		NZ_CP014141
68	Caldicellulosiruptor lactoaceticus		NC_015949
68	Thermosediminibacter oceani		NC_014377
70	Ammonifex degensii		NC_013385
70	Caldicellulosiruptor saccharolyticus		NC_009437
70	Desulfurobacterium thermolithotrophum		NC_015185
70	Fervidobacterium nodosum		NC_009718
70	Fervidobacterium pennivorans		NC_017095
70	Geobacillus thermocatenulatus		NZ_CP018058
70	Pseudothermotoga hypogea		NZ_CP007141
70	Thermaerobacter marianensis		NC_014831
70	Thermoanaerobacter italicus		NC_013921
70	Thermodesulfobacterium commune		NZ_CP008796
70	Thermosipho melanesiensis		NC_009616
70	Thermus aquaticus		NZ_CP010822
70	Thermus brockianus		NZ_CP016312
70	Thermus oshimai		NC_019386
70	Thermus scotoductus		NC_014974
71	Carboxydothermus hydrogenoformans		NC_007503
72	Dictyoglomus turgidum		NC_011661
72,5	Hydrogenobacter thermophilus		NC_013799
72,5	Rhodothermus marinus		NC_013501
72,5	Thermomicrobium roseum		NC_011959
75	Caldicellulosiruptor owensensis		NC_014657
75	Pseudothermotoga thermarum		NC_015707
75	Thermosipho africanus		NC_011653
75,5	Dictyoglomus thermophilum		NC_011297
78	Caldicellulosiruptor kristjanssonii		NC_014721
80	Thermocrinis ruber		NZ_CP007028
80	Thermotoga maritima		NC_000853
80	Thermotoga neapolitana		NC_011978
85	Aquifex aeolicus		NC_000918
