ncbiTaxID	Name	Strain	Temp
368407	Methanoculleus marisnigri	JR1	22,5
259564	Methanococcoides burtonii	DSM 6242	23,5
416348	Halorubrum lacusprofundi	ATCC 49239	33,5
323259	Methanospirillum hungatei	JF-1	33,5
1434104	Methanococcoides methylutens	MM1	35
2177	Methanohalophilus halophilus	Z-7982	35
547558	Methanohalophilus mahii	DSM 5219	35
1434106	Methanosarcina barkeri	227	35
1434107	Methanosarcina barkeri	3	35
796385	Methanosarcina barkeri	CM1	35
2208	Methanosarcina barkeri	Fusaro	35
1434108	Methanosarcina barkeri	MS	35
2208	Methanosarcina barkeri	Wiesmoor	35
192952	Methanosarcina mazei	Go1	35
1434114	Methanosarcina mazei	LYC	35
213585	Methanosarcina mazei	S-6	35
1434115	Methanosarcina mazei	SarPi	35
1434117	Methanosarcina mazei	WWM610	35
634498	Methanobrevibacter ruminantium	M1	37
2173	Methanobrevibacter smithii	ATCC 35061; PS; DSMZ 861	37
410358	Methanocorpusculum labreanum	Z	37
83986	Methanoculleus bourgensis	[isolate BA1]	37
83986	Methanoculleus bourgensis	MS2T	37
1094980	Methanolobus psychrophilus	R15	37
339860	Methanosphaera stadtmanae	DSM 3091	37
797304	Natronobacterium gregoryi	SP2	37
51589	Haloarcula hispanica	CGMCC 1.2049	37,5
1417673	Haloarcula hispanica	N601	37,5
35746	Haloferax gibbonsii	ARA6	37,5
2162	Methanobacterium formicicum	DSM1535	37,5
2162	Methanobacterium formicicum	[isolate Mb9]	37,5
2162	Methanobacterium formicicum	BRM9	37,5
419665	Methanococcus aeolicus	Nankai-3	37,5
402880	Methanococcus maripaludis	C5	37,5
444158	Methanococcus maripaludis	C6	37,5
426368	Methanococcus maripaludis	C7	37,5
267377	Methanococcus maripaludis	S2	37,5
1053692	Methanococcus maripaludis	X1	37,5
406327	Methanococcus vannielii	SB	37,5
456320	Methanococcus voltae	A3	37,5
-1	Methanosaeta concilii	GP6	37,5
188937	Methanosarcina acetivorans	C2A	37,5
694430	Natronococcus occultus	SP4	37,5
1434123	Methanosarcina vacuolata	Z-761	38,5
547559	Natrialba magadii	ATCC 43099	38,5
797303	Natrinema pellirubrum	DSM 15624	38,5
60847	Halogeometricum borinquense	PR 3	40
272569	Haloarcula marismortui	ATCC 43049	45
309800	Haloferax volcanii	DS2	45
543526	Haloterrigena turkmenica	DSM 5511	45
2257	Natronomonas pharaonis	Gabara	45
644295	Methanohalobium evestigatum	Z-7303	47,5
2252	Haloferax mediterranei	CGMCC 1.2087	48,5
2242	Halobacterium salinarum	DSM 671 = R1	50
2242	Halobacterium salinarum	NRC-1; ATCC 700922	50
523844	Methanosarcina thermophila	TM-1	52,5
273075	Thermoplasma acidophilum	DSM 1728	59
145263	Methanothermobacter marburgensis	Marburg	60
145262	Methanothermobacter thermautotrophicus	Delta H	60
145261	Methanothermobacter wolfeii	[isolate SIV6]	60
273116	Thermoplasma volcanium	GSS1	60
647113	Methanothermococcus okinawensis	IH1	62,5
2285	Sulfolobus acidocaldarius	DG1	72,5
330779	Sulfolobus acidocaldarius	DSM 639	72,5
1028566	Sulfolobus acidocaldarius	N8	72,5
2285	Sulfolobus acidocaldarius	Ron12/I	72,5
2285	Sulfolobus acidocaldarius	Y14 13-1	72,5
2285	Sulfolobus acidocaldarius	Y14 16-22	72,5
2285	Sulfolobus acidocaldarius	Y14 18-5	72,5
2285	Sulfolobus acidocaldarius	Y14 20-20	72,5
1006006	Metallosphaera cuprina	Ar-4	75
43687	Metallosphaera sedula	ARS120-1	75
43687	Metallosphaera sedula	ARS120-2	75
43687	Metallosphaera sedula	ARS50-1	75
43687	Metallosphaera sedula	ARS50-2	75
399549	Metallosphaera sedula	DSM 5348	75
43687	Metallosphaera sedula	SARC-M1	75
693661	Archaeoglobus veneficus	SNP6	80
579137	Methanocaldococcus vulcanius	M7	80
49899	Thermococcus profundus	DT 5432	80
572546	Archaeoglobus profundus	DSM 5631	82
523846	Methanothermus fervidus	DSM 2088	82,5
224325	Archaeoglobus fulgidus	DSM 4304	83
1344584	Archaeoglobus fulgidus	DSM 8774	83
71997	Thermococcus gorgonarius	W-12	84
71998	Thermococcus pacificus	P-4	84
397948	Caldivirga maquilingensis	IC-167	85
765177	Desulfurococcus mucosus	DSM 2162	85
589924	Ferroglobus placidus	DSM 10642	85
1301915	Methanocaldococcus bathoardescens	JH146	85
573064	Methanocaldococcus fervens	AG86	85
573063	Methanocaldococcus infernus	ME	85
243232	Methanocaldococcus jannaschii	DSM 2661	85
-1	Sulfolobus solfataricus	98/2	85
-1	Sulfolobus solfataricus	P1	85
-1	Sulfolobus solfataricus	P2	85
-1	Sulfolobus solfataricus	SULA	85
-1	Sulfolobus solfataricus	SULB	85
-1	Sulfolobus solfataricus	SULC	85
55802	Thermococcus barophilus	CH5	85
391623	Thermococcus barophilus	MP	85
54262	Thermococcus chitonophagus	[isolate 1]	85
54262	Thermococcus chitonophagus	GC74	85
53952	Thermococcus peptonophilus	OG-1	85
633148	Thermosphaera aggregans	DSM 11486	85
368408	Thermofilum pendens	Hrk 5	87,5
880724	Methanotorris igneus	Kol 5	88
2264	Thermococcus celer	Vu 13	88
1432656	Thermococcus guaymasensis	DSM 11113	88
523849	Thermococcus litoralis	DSM 5473	88
940295	Ignicoccus islandicus	DSM 13165	90
768679	Thermoproteus tenax	Kra 1	90
999630	Thermoproteus uzoniensis	768-20	90
490899	Desulfurococcus amylolyticus	1221n	91
768672	Desulfurococcus amylolyticus	DSM 16532	91
399550	Staphylothermus marinus	F1	92
29292	Pyrococcus abyssi	Orsay	96
70601	Pyrococcus horikoshii	OT3	98
384616	Pyrobaculum islandicum	DSM 4184	100
1185654	Pyrococcus furiosus	COM1	100
186497	Pyrococcus furiosus	DSM 3638	100
694429	Pyrolobus fumarii	1A	106
415426	Hyperthermus butylicus	DSM 5456	114
238834	Clostridium estertheticum	nan	7
1217908	Octadecabacter antarcticus	nan	7
60217	Shewanella violacea	nan	7
28229	Colwellia psychrerythraea	nan	9,5
53946	Octadecabacter arcticus	nan	9,5
84980	Desulfotalea psychrophila	nan	10
74109	Photobacterium profundum	nan	10
57029	Psychroflexus torquis	nan	12,5
59600	Cellulophaga algicola	nan	15
81479	Rhodoferax antarcticus	nan	15
1238	Piscirickettsia salmonis	nan	16,5
1646	Renibacterium salmoninarum	nan	16,5
76594	Cellulophaga baltica	nan	17,5
96345	Flavobacterium psychrophilum	nan	17,5
392734	Terriglobus roseus	nan	17,5
45610	Psychrobacter urativorans	nan	18
101385	Aequorivita sublithincola	nan	20
191579	Fluviicola taffensis	nan	20
188932	Pedobacter cryoconitis	nan	20
296	Pseudomonas fragi	nan	20
56	Sorangium cellulosum	nan	20
55601	Vibrio anguillarum	nan	20
74033	Antarctobacter heliothermus	nan	21
56812	Shewanella frigidimarina	nan	21
313588	Croceibacter atlanticus	nan	21,5
55197	Flavobacterium branchiophilum	nan	21,5
168695	Salinispora tropica	nan	21,5
1247	Oenococcus oeni	nan	22
51663	Pediococcus damnosus	nan	22
43948	Tolumonas auensis	nan	22
40214	Acinetobacter johnsonii	nan	22,5
656366	Arthrobacter alpinus	nan	22,5
1703	Brevibacterium linens	nan	22,5
74318	Maricaulis maris	nan	22,5
412690	Microterricola viridarii	nan	22,5
37332	Nocardia seriolae	nan	22,5
34090	Pelodictyon phaeoclathratiforme	nan	22,5
121292	Pseudarthrobacter sulfonivorans	nan	22,5
132919	Rhodococcus jostii	nan	22,5
60961	Shewanella woodyi	nan	22,5
466153	Singulisphaera acidiphila	nan	23
645	Aeromonas salmonicida	nan	23,5
79329	Chitinophaga pinensis	nan	23,5
-1	Lactobacillus lindneri	nan	23,5
168697	Salinispora arenicola	nan	24
28447	Clavibacter michiganensis	nan	24,5
651	Aeromonas media	nan	25
59754	Alcanivorax borkumensis	nan	25
668	Aliivibrio fischeri	nan	25
353	Azotobacter chroococcum	nan	25
959	Bdellovibrio bacteriovorus	nan	25
533	Beijerinckia indica	nan	25
232259	Belliella baltica	nan	25
304895	Catenulispora acidiphila	nan	25
1096	Chlorobium phaeobacteroides	nan	25
1094	Chlorobium phaeovibrioides	nan	25
100716	Chloroherpeton thalassium	nan	25
395922	Coraliomargarita akajimensis	nan	25
241425	Crinalium epipsammum	nan	25
2724	Hirschia baltica	nan	25
33964	Leuconostoc citreum	nan	25
1244	Leuconostoc gelidum	nan	25
1246	Leuconostoc lactis	nan	25
1245	Leuconostoc mesenteroides	nan	25
119864	Marinomonas mediterranea	nan	25
29405	Microlunatus phosphovorus	nan	25
53461	Nakamurella multipartita	nan	25
450734	Nocardioides dokdonensis	nan	25
984	Pedobacter heparinus	nan	25
85085	Pseudarthrobacter chlorophenolicus	nan	25
43657	Pseudoalteromonas luteoviolacea	nan	25
2434	Roseobacter denitrificans	nan	25
42443	Roseobacter litoralis	nan	25
70864	Shewanella pealeana	nan	25
63612	Sodalis glossinidius	nan	25
564064	Spirosoma rigui	nan	25
1476	Sporosarcina psychrophila	nan	25
1571	Sporosarcina ureae	nan	25
53336	Tatumella citrea	nan	25
28173	Vibrio nigripulchritudo	nan	25
145458	Rathayibacter toxicus	nan	25,5
33888	Rathayibacter tritici	nan	25,5
979	Cellulophaga lytica	nan	26
1861	Geodermatophilus obscurus	nan	26
45658	Vibrio scophthalmi	nan	26
359	Agrobacterium rhizogenes	nan	26,5
358	Agrobacterium tumefaciens	nan	26,5
373	Agrobacterium vitis	nan	26,5
774	Bartonella bacilliformis	nan	26,5
2350	Haliscomenobacter hydrossis	nan	26,5
-1	Bacillus flexus	nan	27
106590	Cupriavidus necator	nan	27
106592	Ensifer adhaerens	nan	27
125	Pirellula staleyi	nan	27
2371	Xylella fastidiosa	nan	27
28446	Anaerotignum propionicum	nan	27,5
78587	Asticcacaulis excentricus	nan	27,5
1079	Blastochloris viridis	nan	27,5
43669	Brachybacterium faecium	nan	27,5
375	Bradyrhizobium japonicum	nan	27,5
74313	Brevundimonas subvibrioides	nan	27,5
41276	Brevundimonas vesicularis	nan	27,5
196	Campylobacter fetus	nan	27,5
69395	Caulobacter henricii	nan	27,5
155892	Caulobacter vibrioides	nan	27,5
253	Chryseobacterium indologenes	nan	27,5
33871	Coriobacterium glomerans	nan	27,5
1727	Corynebacterium variabile	nan	27,5
320787	Cyclobacterium amurskyense	nan	27,5
104	Cyclobacterium marinum	nan	27,5
67780	Edwardsiella ictaluri	nan	27,5
39960	Erythrobacter litoralis	nan	27,5
996	Flavobacterium columnare	nan	27,5
986	Flavobacterium johnsoniae	nan	27,5
81475	Frateuria aurantia	nan	27,5
442	Gluconobacter oxydans	nan	27,5
37487	Marichromatium purpuratum	nan	27,5
71433	Mesorhizobium amorphae	nan	27,5
39645	Mesorhizobium ciceri	nan	27,5
381	Mesorhizobium loti	nan	27,5
-1	Methylobacterium extorquens	nan	27,5
31998	Methylobacterium radiotolerans	nan	27,5
-1	Methylobacterium zatmanii	nan	27,5
300019	Microbacterium paludicola	nan	27,5
1084	Pararhodospirillum photometricum	nan	27,5
182210	Pseudodesulfovibrio aespoeensis	nan	27,5
47878	Pseudomonas azotoformans	nan	27,5
47880	Pseudomonas fulva	nan	27,5
303	Pseudomonas putida	nan	27,5
29449	Rhizobium etli	nan	27,5
56730	Rhizobium gallicum	nan	27,5
384	Rhizobium leguminosarum	nan	27,5
398	Rhizobium tropici	nan	27,5
106	Runella slithyformis	nan	27,5
60920	Sanguibacter keddieii	nan	27,5
380	Sinorhizobium fredii	nan	27,5
110321	Sinorhizobium medicae	nan	27,5
382	Sinorhizobium meliloti	nan	27,5
921	Starkeya novella	nan	27,5
1888	Streptomyces albus	nan	27,5
80679	Thioflavicoccus mobilis	nan	27,5
280	Xanthobacter autotrophicus	nan	27,5
542	Zymomonas mobilis	nan	27,5
-1	Bacillus endophyticus	nan	28
84757	Beutenbergia cavernae	nan	28
60550	Burkholderia pyrrocinia	nan	28
225326	Corynebacterium halotolerans	nan	28
28223	Desulfobacula toluolica	nan	28
79209	Desulfosporosinus meridiei	nan	28
94254	Dyadobacter fermentans	nan	28
1556	Gottschalkia acidurici	nan	28
1575	Leifsonia xyli	nan	28
84292	Microbacterium chocolatum	nan	28
53437	Nocardiopsis alba	nan	28
160799	Paenibacillus borealis	nan	28
189425	Paenibacillus graminis	nan	28
189426	Paenibacillus odorifer	nan	28
169760	Paenibacillus stellifer	nan	28
291112	Photorhabdus asymbiotica	nan	28
29488	Photorhabdus luminescens	nan	28
574560	Photorhabdus temperata	nan	28
103731	Saccharothrix espanaensis	nan	28
61015	Staphylococcus succinus	nan	28
65553	Sulfurospirillum deleyianum	nan	28
29447	Xanthomonas albilineans	nan	28
53413	Xanthomonas axonopodis	nan	28
339	Xanthomonas campestris	nan	28
48664	Xanthomonas fragariae	nan	28
347	Xanthomonas oryzae	nan	28
56458	Xanthomonas sacchari	nan	28
343	Xanthomonas translucens	nan	28
56460	Xanthomonas vesicatoria	nan	28
40576	Xenorhabdus bovienii	nan	28
628	Xenorhabdus nematophila	nan	28
40577	Xenorhabdus poinarii	nan	28
186189	Xylanimonas cellulosilytica	nan	28
340345	Actinoalloteichus hymeniacidonis	nan	28,5
511	Alcaligenes faecalis	nan	28,5
552	Erwinia amylovora	nan	28,5
182337	Erwinia billingiae	nan	28,5
79967	Erwinia pyrifoliae	nan	28,5
82983	Obesumbacterium proteus	nan	28,5
-1	Ochrobactrum anthropi	nan	28,5
554	Pectobacterium carotovorum	nan	28,5
29483	Yersinia aldovae	nan	28,5
630	Yersinia enterocolitica	nan	28,5
29484	Yersinia frederiksenii	nan	28,5
631	Yersinia intermedia	nan	28,5
28152	Yersinia kristensenii	nan	28,5
632	Yersinia pestis	nan	28,5
633	Yersinia pseudotuberculosis	nan	28,5
29485	Yersinia rohdei	nan	28,5
29486	Yersinia ruckeri	nan	28,5
40567	Actinosynnema mirum	nan	29
1452	Bacillus atrophaeus	nan	29
1423	Bacillus subtilis	nan	29
72361	Bacillus vallismortis	nan	29
92947	Ketogulonicigenium robustum	nan	29
92945	Ketogulonicigenium vulgare	nan	29
182640	Kribbella flavida	nan	29
2151	Mesoplasma florum	nan	29
33	Myxococcus fulvus	nan	29
912	Nitrobacter hamburgensis	nan	29
913	Nitrobacter winogradskyi	nan	29
280236	Nocardiopsis gilva	nan	29
253245	Owenweeksia hongkongensis	nan	29
59893	Paenibacillus peoriae	nan	29
388950	Pontibacter akesuensis	nan	29
-1	Porphyrobacter neustonensis	nan	29
53412	Pseudomonas resinovorans	nan	29
265606	Rhodopirellula baltica	nan	29
29510	Turneriella parva	nan	29
644	Aeromonas hydrophila	nan	29,5
238	Elizabethkingia meningoseptica	nan	29,5
172045	Elizabethkingia miricola	nan	29,5
82985	Pragia fontium	nan	29,5
435	Acetobacter aceti	nan	30
438	Acetobacter pasteurianus	nan	30
33952	Acetobacterium woodii	nan	30
-1	Acholeplasma brassicae	nan	30
-1	Acholeplasma palmae	nan	30
1049	Allochromatium vinosum	nan	30
-1	Bacillus simplex	nan	30
1393	Brevibacillus brevis	nan	30
54913	Brevibacillus formosus	nan	30
1465	Brevibacillus laterosporus	nan	30
1708	Cellulomonas fimi	nan	30
1711	Cellulomonas flavigena	nan	30
1092	Chlorobium limicola	nan	30
84022	Clostridium aceticum	nan	30
36745	Clostridium saccharoperbutylacetonicum	nan	30
1697	Corynebacterium ammoniagenes	nan	30
985	Cytophaga hutchinsonii	nan	30
55583	Dehalobacter restrictus	nan	30
55148	Deinococcus proteolyticus	nan	30
1299	Deinococcus radiodurans	nan	30
142877	Desulfitobacterium metallireducens	nan	30
65555	Desulfocapsa sulfexigens	nan	30
326320	Dokdonia donghaensis	nan	30
61645	Enterobacter asburiae	nan	30
550	Enterobacter cloacae	nan	30
208224	Enterobacter kobei	nan	30
173480	Gemmatimonas aurantiaca	nan	30
33996	Gluconacetobacter diazotrophicus	nan	30
569	Hafnia alvei	nan	30
927	Halothiobacillus neapolitanus	nan	30
39765	Hydrogenovibrio crunogenus	nan	30
53399	Hyphomicrobium denitrificans	nan	30
167642	Ilyobacter polytropus	nan	30
372663	Isoptericola dokdonensis	nan	30
43674	Jonesia denitrificans	nan	30
174	Leptospira borgpetersenii	nan	30
173	Leptospira interrogans	nan	30
28183	Leptospira santarosai	nan	30
55518	Magnetospirillum gryphiswaldense	nan	30
36805	Microbacterium aurum	nan	30
2033	Microbacterium testaceum	nan	30
111501	Muricauda ruestringensis	nan	30
-1	Mycobacterium immunogenum	nan	30
1781	Mycobacterium marinum	nan	30
50052	Mycoplasma crocodyli	nan	30
-1	Mycoplasma mobile	nan	30
28091	Neisseria weaveri	nan	30
182710	Oceanobacillus iheyensis	nan	30
-1	Oligotropha carboxidovorans	nan	30
1406	Paenibacillus polymyxa	nan	30
159743	Paenibacillus terrae	nan	30
185300	Paludibacter propionicigenes	nan	30
549	Pantoea agglomerans	nan	30
553	Pantoea ananatis	nan	30
66269	Pantoea stewartii	nan	30
34003	Paracoccus aminophilus	nan	30
1255	Pediococcus pentosaceus	nan	30
1102	Prosthecochloris aestuarii	nan	30
288	Pseudoalteromonas atlantica	nan	30
28107	Pseudoalteromonas espejiana	nan	30
228	Pseudoalteromonas haloplanktis	nan	30
28109	Pseudoalteromonas nigrifaciens	nan	30
43662	Pseudoalteromonas piscicida	nan	30
43658	Pseudoalteromonas rubra	nan	30
587753	Pseudomonas chlororaphis	nan	30
36746	Pseudomonas cichorii	nan	30
53408	Pseudomonas citronellolis	nan	30
75612	Pseudomonas mandelii	nan	30
76759	Pseudomonas monteilii	nan	30
240495	Pseudonocardia dioxanivorans	nan	30
34038	Rahnella aquatilis	nan	30
1069	Rhodomicrobium vannielii	nan	30
252307	Robiginitalea biformata	nan	30
28068	Rubrivivax gelatinosus	nan	30
1008	Saprospira grandis	nan	30
70863	Shewanella oneidensis	nan	30
1114980	Spiroplasma atrichopogonis	nan	30
216933	Spiroplasma chrysopicola	nan	30
47834	Spiroplasma kunkelii	nan	30
216944	Spiroplasma sabaudiense	nan	30
2145	Spiroplasma taiwanense	nan	30
216946	Spiroplasma turonicum	nan	30
246432	Staphylococcus equorum	nan	30
1288	Staphylococcus xylosus	nan	30
36861	Thiobacillus denitrificans	nan	30
73141	Thiocystis violascens	nan	30
-1	Treponema azotonutricium	nan	30
88058	Treponema primitia	nan	30
163877	Virgibacillus necropolis	nan	30
-1	Mycobacterium vanbaalenii	nan	30,5
62140	Acidiphilium multivorum	nan	31
33075	Acidobacterium capsulatum	nan	31
1718	Corynebacterium glutamicum	nan	31
349751	Corynebacterium marinum	nan	31
1274	Dermacoccus nishinomiyaensis	nan	31
390884	Echinicola vietnamensis	nan	31
-1	Mycobacterium aurum	nan	31
-1	Mycobacterium chimaera	nan	31
-1	Mycobacterium chubuense	nan	31
-1	Mycobacterium gilvum	nan	31
29311	Mycobacterium haemophilum	nan	31
-1	Mycobacterium neoaurum	nan	31
-1	Pelobacter acetylenicus	nan	31
1744	Propionibacterium freudenreichii	nan	31
29385	Staphylococcus saprophyticus	nan	31,5
138336	Blastococcus saxobsidens	nan	32
139	Borreliella burgdorferi	nan	32
169679	Clostridium saccharobutylicum	nan	32
92645	Herbaspirillum frisingense	nan	32
80842	Herbaspirillum rubrisubalbicans	nan	32
964	Herbaspirillum seropedicae	nan	32
1276	Kytococcus sedentarius	nan	32
-1	Marinobacter hydrocarbonoclasticus	nan	32
-1	Rhodobacter sphaeroides	nan	32
362837	Spiroplasma cantharicola	nan	32
2133	Spiroplasma citri	nan	32
216934	Spiroplasma corruscae	nan	32
216936	Spiroplasma diminutum	nan	32
216938	Spiroplasma helicoides	nan	32
216942	Spiroplasma litorale	nan	32
216945	Spiroplasma syrphidicola	nan	32
920	Acidithiobacillus ferrooxidans	nan	32,5
28108	Alteromonas macleodii	nan	32,5
292	Burkholderia cepacia	nan	32,5
28095	Burkholderia gladioli	nan	32,5
337	Burkholderia glumae	nan	32,5
536	Chromobacterium violaceum	nan	32,5
191495	Conexibacter woesei	nan	32,5
899	Desulfomicrobium baculatum	nan	32,5
53358	Intrasporangium calvum	nan	32,5
421	Methylomonas methanica	nan	32,5
-1	Mycobacterium abscessus	nan	32,5
2014	Nocardiopsis dassonvillei	nan	32,5
1464	Paenibacillus larvae	nan	32,5
530584	Prauserella marina	nan	32,5
1061	Rhodobacter capsulatus	nan	32,5
1085	Rhodospirillum rubrum	nan	32,5
35806	Rhodovulum sulfidophilum	nan	32,5
24	Shewanella putrefaciens	nan	32,5
1284	Staphylococcus hyicus	nan	32,5
1286	Staphylococcus simulans	nan	32,5
33903	Streptomyces avermitilis	nan	32,5
51669	Tetragenococcus halophilus	nan	32,5
926	Thiomonas intermedia	nan	32,5
-1	Desulfovibrio africanus	nan	33
876	Desulfovibrio desulfuricans	nan	33
-1	Desulfovibrio salexigens	nan	33
881	Desulfovibrio vulgaris	nan	33
29543	Pelobacter propionicus	nan	33
35788	Rickettsia africae	nan	33
787	Rickettsia australis	nan	33
781	Rickettsia conorii	nan	33
35790	Rickettsia japonica	nan	33
33991	Rickettsia montanensis	nan	33
35792	Rickettsia parkeri	nan	33
783	Rickettsia rickettsii	nan	33
35794	Rickettsia slovaca	nan	33
286802	Segniliparus rotundus	nan	33
44674	Sulfurospirillum barnesii	nan	33
-1	[Clostridium] cellulolyticum	nan	33,5
905	Acidaminococcus fermentans	nan	33,5
524	Acidiphilium cryptum	nan	33,5
-1	Actinomyces meyeri	nan	33,5
83263	Aminobacter aminovorans	nan	33,5
47678	Bacteroides caccae	nan	33,5
57975	Burkholderia thailandensis	nan	33,5
1491	Clostridium botulinum	nan	33,5
1492	Clostridium butyricum	nan	33,5
1548	Clostridium scatologenes	nan	33,5
1519	Clostridium tyrobutyricum	nan	33,5
1717	Corynebacterium diphtheriae	nan	33,5
575200	Corynebacterium maris	nan	33,5
39950	Dialister pneumosintes	nan	33,5
1648	Erysipelothrix rhusiopathiae	nan	33,5
81032	Hyphomonas neptunium	nan	33,5
180	Leptospirillum ferrooxidans	nan	33,5
1642	Listeria innocua	nan	33,5
1638	Listeria ivanovii	nan	33,5
1639	Listeria monocytogenes	nan	33,5
1640	Listeria seeligeri	nan	33,5
1643	Listeria welshimeri	nan	33,5
44251	Paenibacillus durus	nan	33,5
172713	Paenibacillus kribbensis	nan	33,5
162209	Paenibacillus naphthalenovorans	nan	33,5
266	Paracoccus denitrificans	nan	33,5
839	Prevotella ruminicola	nan	33,5
361575	Pseudarthrobacter phenanthrenivorans	nan	33,5
43675	Rothia mucilaginosa	nan	33,5
47917	Serratia fonticola	nan	33,5
614	Serratia liquefaciens	nan	33,5
615	Serratia marcescens	nan	33,5
28151	Serratia proteamaculans	nan	33,5
61652	Serratia rubidaea	nan	33,5
46355	Spirochaeta africana	nan	33,5
1280	Staphylococcus aureus	nan	33,5
1282	Staphylococcus epidermidis	nan	33,5
96773	Thauera chlorobenzoica	nan	33,5
29466	Veillonella parvula	nan	33,5
292566	Dactylococcopsis salina	nan	34
480	Moraxella catarrhalis	nan	34
29433	Moraxella ovis	nan	34
83552	Parachlamydia acanthamoebae	nan	34,5
2137	Spiroplasma apis	nan	34,5
1449	Amphibacillus xylanus	nan	35
1390	Bacillus amyloliquefaciens	nan	35
85701	Bartonella tribocorum	nan	35
1534	Clostridium kluyveri	nan	35
1509	Clostridium sporogenes	nan	35
152794	Corynebacterium efficiens	nan	35
897	Desulfococcus multivorans	nan	35
69966	Macrococcus caseolyticus	nan	35
33970	Melissococcus plutonius	nan	35
-1	Mycobacterium smegmatis	nan	35
495	Neisseria elongata	nan	35
37329	Nocardia farcinica	nan	35
37330	Nocardia nova	nan	35
-1	Pelobacter carbinolicus	nan	35
300	Pseudomonas mendocina	nan	35
-1	Pseudomonas stutzeri	nan	35
782	Rickettsia prowazekii	nan	35
785	Rickettsia typhi	nan	35
76731	Roseateles depolymerans	nan	35
257708	Roseomonas gilardii	nan	35
29388	Staphylococcus capitis	nan	35
1283	Staphylococcus haemolyticus	nan	35
28035	Staphylococcus lugdunensis	nan	35
1292	Staphylococcus warneri	nan	35
316277	Syntrophus aciditrophicus	nan	35
63186	Zobellia galactanivorans	nan	35
1684	Bifidobacterium asteroides	nan	35,5
485	Neisseria gonorrhoeae	nan	35,5
486	Neisseria lactamica	nan	35,5
730	[Haemophilus] ducreyi	nan	36
-1	[Haemophilus] parasuis	nan	36
544580	Actinomyces oris	nan	36
111015	Actinomyces radicidentis	nan	36
56426	Bartonella clarridgeiae	nan	36
33045	Bartonella grahamii	nan	36
38323	Bartonella henselae	nan	36
803	Bartonella quintana	nan	36
33047	Bartonella vinsonii	nan	36
521	Bordetella avium	nan	36
518	Bordetella bronchiseptica	nan	36
103855	Bordetella hinzii	nan	36
35814	Bordetella holmesii	nan	36
519	Bordetella parapertussis	nan	36
520	Bordetella pertussis	nan	36
123899	Bordetella trematum	nan	36
197	Campylobacter jejuni	nan	36
28188	Capnocytophaga canimorsus	nan	36
45243	Capnocytophaga haemolytica	nan	36
1018	Capnocytophaga ochracea	nan	36
29341	Clostridium argentinense	nan	36
38289	Corynebacterium jeikeium	nan	36
-1	Desulfotomaculum gibsoniae	nan	36
37734	Enterococcus casseliflavus	nan	36
53345	Enterococcus durans	nan	36
1351	Enterococcus faecalis	nan	36
1352	Enterococcus faecium	nan	36
1353	Enterococcus gallinarum	nan	36
1354	Enterococcus hirae	nan	36
53346	Enterococcus mundtii	nan	36
851	Fusobacterium nucleatum	nan	36
2702	Gardnerella vaginalis	nan	36
727	Haemophilus influenzae	nan	36
729	Haemophilus parainfluenzae	nan	36
29546	Lawsonia intracellularis	nan	36
446	Legionella pneumophila	nan	36
40542	Leptotrichia buccalis	nan	36
266009	Methylovorus glucosotrophus	nan	36
2051	Mobiluncus curtisii	nan	36
582	Morganella morganii	nan	36
37326	Nocardia brasiliensis	nan	36
28251	Ornithobacterium rhinotracheale	nan	36
-1	Pseudopropionibacterium propionicum	nan	36
2047	Rothia dentocariosa	nan	36
34105	Streptobacillus moniliformis	nan	36
1348	Streptococcus parauberis	nan	36
863	Syntrophomonas wolfei	nan	36
29575	Taylorella equigenitalis	nan	36
134821	Ureaplasma parvum	nan	36
666	Vibrio cholerae	nan	36
1747	Cutibacterium acnes	nan	36,5
487	Neisseria meningitidis	nan	36,5
2130	Ureaplasma urealyticum	nan	36,5
-1	[Clostridium] saccharolyticum	nan	37
-1	[Eubacterium] eligens	nan	37
39491	[Eubacterium] rectale	nan	37
143393	[Eubacterium] sulci	nan	37
2148	Acholeplasma laidlawii	nan	37
718	Actinobacillus equuli	nan	37
715	Actinobacillus pleuropneumoniae	nan	37
67854	Actinobacillus succinogenes	nan	37
716	Actinobacillus suis	nan	37
239935	Akkermansia muciniphila	nan	37
214856	Alistipes finegoldii	nan	37
81468	Aminobacterium colombiense	nan	37
28264	Arcanobacterium haemolyticum	nan	37
-1	Atopobium parvulum	nan	37
146939	Azospira oryzae	nan	37
192	Azospirillum brasilense	nan	37
193	Azospirillum lipoferum	nan	37
1392	Bacillus anthracis	nan	37
1396	Bacillus cereus	nan	37
1428	Bacillus thuringiensis	nan	37
-1	Bacteroides dorei	nan	37
817	Bacteroides fragilis	nan	37
290053	Bacteroides helcogenes	nan	37
28116	Bacteroides ovatus	nan	37
818	Bacteroides thetaiotaomicron	nan	37
-1	Bacteroides vulgatus	nan	37
397865	Barnesiella viscericola	nan	37
235	Brucella abortus	nan	37
36855	Brucella canis	nan	37
29459	Brucella melitensis	nan	37
236	Brucella ovis	nan	37
29461	Brucella suis	nan	37
13373	Burkholderia mallei	nan	37
28450	Burkholderia pseudomallei	nan	37
76517	Campylobacter hominis	nan	37
206	Campylobacter sputorum	nan	37
83555	Chlamydia abortus	nan	37
83556	Chlamydia felis	nan	37
83560	Chlamydia muridarum	nan	37
85991	Chlamydia pecorum	nan	37
83558	Chlamydia pneumoniae	nan	37
83559	Chlamydia suis	nan	37
813	Chlamydia trachomatis	nan	37
158080	Chromohalobacter salexigens	nan	37
35703	Citrobacter amalonaticus	nan	37
57706	Citrobacter braakii	nan	37
67824	Citrobacter farmeri	nan	37
546	Citrobacter freundii	nan	37
545	Citrobacter koseri	nan	37
67825	Citrobacter rodentium	nan	37
1520	Clostridium beijerinckii	nan	37
1493	Clostridium cellulovorans	nan	37
46867	Clostridium chauvoei	nan	37
1497	Clostridium formicaceticum	nan	37
1538	Clostridium ljungdahlii	nan	37
1501	Clostridium pasteurianum	nan	37
1513	Clostridium tetani	nan	37
203263	Corynebacterium aquilae	nan	37
191610	Corynebacterium atypicum	nan	37
161895	Corynebacterium phocae	nan	37
1719	Corynebacterium pseudotuberculosis	nan	37
258224	Corynebacterium resistens	nan	37
146827	Corynebacterium simulans	nan	37
161899	Corynebacterium singulare	nan	37
191493	Corynebacterium sphenisci	nan	37
43770	Corynebacterium striatum	nan	37
43771	Corynebacterium urealyticum	nan	37
401472	Corynebacterium ureicelerivorans	nan	37
453230	Desulfarculus baarsii	nan	37
49338	Desulfitobacterium hafniense	nan	37
60893	Desulfobacca acetoxidans	nan	37
2358	Desulfomonile tiedjei	nan	37
1563	Desulfosporosinus orientis	nan	37
-1	Desulfotomaculum acetoxidans	nan	37
-1	Desulfotomaculum reducens	nan	37
-1	Desulfotomaculum ruminis	nan	37
901	Desulfovibrio piger	nan	37
93378	Edwardsiella hoshinae	nan	37
636	Edwardsiella tarda	nan	37
562	Escherichia coli	nan	37
564	Escherichia fergusonii	nan	37
1736	Eubacterium limosum	nan	37
833	Fibrobacter succinogenes	nan	37
143361	Filifactor alocis	nan	37
312277	Flavobacterium indicum	nan	37
263	Francisella tularensis	nan	37
2331	Halanaerobium praevalens	nan	37
37372	Helicobacter bilis	nan	37
213	Helicobacter cinaedi	nan	37
214	Helicobacter felis	nan	37
32025	Helicobacter hepaticus	nan	37
217	Helicobacter mustelae	nan	37
210	Helicobacter pylori	nan	37
76936	Helicobacter typhlonius	nan	37
43357	Kutzneria albida	nan	37
-1	Lactobacillus mucosae	nan	37
1270	Micrococcus luteus	nan	37
-1	Mycobacterium africanum	nan	37
-1	Mycobacterium bovis	nan	37
-1	Mycobacterium fortuitum	nan	37
1767	Mycobacterium intracellulare	nan	37
1768	Mycobacterium kansasii	nan	37
1769	Mycobacterium leprae	nan	37
1773	Mycobacterium tuberculosis	nan	37
-1	Mycoplasma agalactiae	nan	37
-1	Mycoplasma arginini	nan	37
-1	Mycoplasma arthritidis	nan	37
-1	Mycoplasma bovis	nan	37
-1	Mycoplasma bovoculi	nan	37
-1	Mycoplasma californicum	nan	37
-1	Mycoplasma canadense	nan	37
-1	Mycoplasma canis	nan	37
2095	Mycoplasma capricolum	nan	37
-1	Mycoplasma cynos	nan	37
-1	Mycoplasma dispar	nan	37
-1	Mycoplasma fermentans	nan	37
-1	Mycoplasma flocculare	nan	37
-1	Mycoplasma gallisepticum	nan	37
-1	Mycoplasma genitalium	nan	37
-1	Mycoplasma hominis	nan	37
-1	Mycoplasma hyopneumoniae	nan	37
-1	Mycoplasma hyorhinis	nan	37
2105	Mycoplasma leachii	nan	37
2102	Mycoplasma mycoides	nan	37
-1	Mycoplasma penetrans	nan	37
-1	Mycoplasma pneumoniae	nan	37
-1	Mycoplasma pullorum	nan	37
-1	Mycoplasma pulmonis	nan	37
2123	Mycoplasma putrefaciens	nan	37
-1	Mycoplasma synoviae	nan	37
51365	Mycoplasma yeatsii	nan	37
33033	Parvimonas micra	nan	37
703	Plesiomonas shigelloides	nan	37
28123	Porphyromonas asaccharolytica	nan	37
837	Porphyromonas gingivalis	nan	37
584	Proteus mirabilis	nan	37
585	Proteus vulgaris	nan	37
587	Providencia rettgeri	nan	37
588	Providencia stuartii	nan	37
34085	Riemerella anatipestifer	nan	37
301301	Roseburia hominis	nan	37
54736	Salmonella bongori	nan	37
28901	Salmonella enterica	nan	37
622	Shigella dysenteriae	nan	37
624	Shigella sonnei	nan	37
216935	Spiroplasma culicicola	nan	37
2144	Spiroplasma mirum	nan	37
155085	Staphylococcus lutrae	nan	37
1311	Streptococcus agalactiae	nan	37
1328	Streptococcus anginosus	nan	37
76860	Streptococcus constellatus	nan	37
45634	Streptococcus cristatus	nan	37
1334	Streptococcus dysgalactiae	nan	37
1336	Streptococcus equi	nan	37
315405	Streptococcus gallolyticus	nan	37
1302	Streptococcus gordonii	nan	37
102684	Streptococcus infantarius	nan	37
1338	Streptococcus intermedius	nan	37
150055	Streptococcus lutetiensis	nan	37
1303	Streptococcus oralis	nan	37
1318	Streptococcus parasanguinis	nan	37
197614	Streptococcus pasteurianus	nan	37
1313	Streptococcus pneumoniae	nan	37
1314	Streptococcus pyogenes	nan	37
1304	Streptococcus salivarius	nan	37
1305	Streptococcus sanguinis	nan	37
1307	Streptococcus suis	nan	37
1349	Streptococcus uberis	nan	37
119484	Syntrophobacter fumaroxidans	nan	37
28112	Tannerella forsythia	nan	37
160	Treponema pallidum	nan	37
221027	Treponema putidum	nan	37
167	Treponema succinifaciens	nan	37
2039	Tropheryma whipplei	nan	37
844	Wolinella succinogenes	nan	37
1561	Clostridium baratii	nan	37,5
36854	Desulfitobacterium dehalogenans	nan	37,5
84112	Eggerthella lenta	nan	37,5
-1	Mycobacterium goodii	nan	37,5
78258	Parascardovia denticolens	nan	37,5
971	Selenomonas ruminantium	nan	37,5
69823	Selenomonas sputigena	nan	37,5
-1	Staphylococcus sciuri	nan	37,5
1482	Virgibacillus halodenitrificans	nan	37,5
159	Brachyspira hyodysenteriae	nan	38
84377	Brachyspira intermedia	nan	38
84378	Brachyspira murdochii	nan	38
52584	Brachyspira pilosicoli	nan	38
217159	Clostridium carboxidivorans	nan	38
45663	Desulfohalobium retbaense	nan	38,5
1053	Halorhodospira halophila	nan	38,5
907	Megasphaera elsdenii	nan	38,5
28187	Acetohalobium arabaticum	nan	39
1680	Bifidobacterium adolescentis	nan	39
1683	Bifidobacterium angulatum	nan	39
1681	Bifidobacterium bifidum	nan	39
1685	Bifidobacterium breve	nan	39
1686	Bifidobacterium catenulatum	nan	39
1687	Bifidobacterium coryneforme	nan	39
1689	Bifidobacterium dentium	nan	39
1691	Bifidobacterium indicum	nan	39
216816	Bifidobacterium longum	nan	39
28026	Bifidobacterium pseudocatenulatum	nan	39
1694	Bifidobacterium pseudolongum	nan	39
158787	Bifidobacterium scardovii	nan	39
33905	Bifidobacterium thermophilum	nan	39
42253	Nitrospira moscoviensis	nan	39
747	Pasteurella multocida	nan	39
1764	Mycobacterium avium	nan	39,5
1264	Ruminococcus albus	nan	39,5
28025	Bifidobacterium animalis	nan	40
29360	Cellulosilyticum lentocellum	nan	40
42422	Halobacteroides halobius	nan	40
1254	Pediococcus acidilactici	nan	40
146919	Salinibacter ruber	nan	40
84110	Slackia heliotrinireducens	nan	40
78259	Scardovia inopinata	nan	40,25
405	Methylobacillus flagellatus	nan	42
1852	Saccharomonospora viridis	nan	42,5
2021	Thermobifida fusca	nan	44
33059	Acidithiobacillus caldus	nan	45
1542	Clostridium novyi	nan	45
1502	Clostridium perfringens	nan	45
128	Isosphaera pallida	nan	45
414	Methylococcus capsulatus	nan	45
83683	Lactobacillus amylolyticus	nan	46,5
68909	Deinococcus geothermalis	nan	47
42256	Rubrobacter radiotolerans	nan	47
1097	Chlorobaculum tepidum	nan	47,5
2352	Flexistipes sinusarabici	nan	47,5
53635	Acidimicrobium ferrooxidans	nan	48
-1	Bacillus coagulans	nan	48,5
252966	Mahella australiensis	nan	50
-1	Heliobacterium modesticaldum	nan	52
184064	Thermodesulfobium narugense	nan	52,5
33002	Desulfurella acetivorans	nan	53,5
84405	Hippea maritima	nan	53,5
1471	Bacillus methanolicus	nan	55
152260	Chloroflexus aggregans	nan	55
1565	Desulfotomaculum nigrificans	nan	55
-1	Meiothermus silvanus	nan	55
86170	Syntrophothermus lipocalidus	nan	55
81462	Thermanaerovibrio acidaminovorans	nan	55
1108	Chloroflexus aurantiacus	nan	56
129338	Geobacillus subterraneus	nan	56,5
29343	[Clostridium] cellulosi	nan	57,5
28049	Acidothermus cellulolyticus	nan	57,5
198467	Anoxybacillus gonensis	nan	57,5
169283	Geobacillus lituanicus	nan	57,5
33940	Geobacillus thermodenitrificans	nan	57,5
583357	Thermoanaerobacter mathranii	nan	57,5
2006	Thermobispora bispora	nan	57,5
1525	Moorella thermoacetica	nan	58
85874	Thermacetogenium phaeum	nan	58
1517	Thermoanaerobacterium thermosaccharolyticum	nan	58,5
33934	Anoxybacillus flavithermus	nan	60
197162	Deferribacter desulfuricans	nan	60
33941	Geobacillus thermoleovorans	nan	60
31909	Halothermothrix orenii	nan	60
277	Meiothermus ruber	nan	60
49319	Rubrobacter xylanophilus	nan	60
2734	Symbiobacterium thermophilum	nan	60
29329	Thermoanaerobacterium xylanolyticum	nan	60
294699	Anoxybacillus amylolyticus	nan	61
-1	[Clostridium] stercorarium	nan	62,5
405212	Alicyclobacillus acidocaldarius	nan	62,5
1462	Geobacillus kaustophilus	nan	62,5
29323	Thermoanaerobacter brockii	nan	62,5
35786	Coprothermobacter proteolyticus	nan	63
911092	Caldanaerobacter subterraneus	nan	65
2423	Fervidobacterium islandicum	nan	65
496866	Thermoanaerobacter pseudethanolicus	nan	65
28262	Thermodesulfovibrio yellowstonii	nan	65
38322	Pseudothermotoga elfii	nan	66
2325	Thermoanaerobacter kivui	nan	66
46354	Thermoanaerobacter wiegelii	nan	66,5
154	Spirochaeta thermophila	nan	67
456163	Thermus parvatiensis	nan	67,5
-1	Caldicellulosiruptor lactoaceticus	nan	68
291990	Thermosediminibacter oceani	nan	68
42838	Ammonifex degensii	nan	70
44001	Caldicellulosiruptor saccharolyticus	nan	70
64160	Desulfurobacterium thermolithotrophum	nan	70
2424	Fervidobacterium nodosum	nan	70
93466	Fervidobacterium pennivorans	nan	70
33938	Geobacillus thermocatenulatus	nan	70
57487	Pseudothermotoga hypogea	nan	70
73919	Thermaerobacter marianensis	nan	70
108150	Thermoanaerobacter italicus	nan	70
1741	Thermodesulfobacterium commune	nan	70
46541	Thermosipho melanesiensis	nan	70
271	Thermus aquaticus	nan	70
56956	Thermus brockianus	nan	70
56957	Thermus oshimai	nan	70
37636	Thermus scotoductus	nan	70
129958	Carboxydothermus hydrogenoformans	nan	71
513050	Dictyoglomus turgidum	nan	72
940	Hydrogenobacter thermophilus	nan	72,5
29549	Rhodothermus marinus	nan	72,5
500	Thermomicrobium roseum	nan	72,5
55205	Caldicellulosiruptor owensensis	nan	75
119394	Pseudothermotoga thermarum	nan	75
2421	Thermosipho africanus	nan	75
14	Dictyoglomus thermophilum	nan	75,5
-1	Caldicellulosiruptor kristjanssonii	nan	78
75906	Thermocrinis ruber	nan	80
2336	Thermotoga maritima	nan	80
2337	Thermotoga neapolitana	nan	80
63363	Aquifex aeolicus	nan	85
