Name	Strain	Temp	ncbiTaxID	Source_ID	Superkingdom	Phylum	Class	Order	Family	Genus
Lactobacillus plantarum	wcfs1	37.0	220668	Bacteria	Bacillota	Bacilli	Lactobacillales	Lactobacillaceae	Lactiplantibacillus
Lactobacillus plantarum	wcfs1	37.0	220668	Bacteria	Bacillota	Bacilli	Lactobacillales	Lactobacillaceae	Lactiplantibacillus
Geobacter sulfurreducens	nan	30.0	35554	Bacteria	Bacillota	Bacilli	Lactobacillales	Lactobacillaceae	Lactiplantibacillus
Chromohalobacter salexigens	CHR61	37.0	158080	Bacteria	Bacillota	Bacilli	Lactobacillales	Lactobacillaceae	Lactiplantibacillus
Chromohalobacter salexigens	CHR61	37.0	158080	Bacteria	Bacillota	Bacilli	Lactobacillales	Lactobacillaceae	Lactiplantibacillus
Chromohalobacter salexigens	CHR61	37.0	158080	Bacteria	Bacillota	Bacilli	Lactobacillales	Lactobacillaceae	Lactiplantibacillus
Chromohalobacter salexigens	CHR61	37.0	158080	Bacteria	Bacillota	Bacilli	Lactobacillales	Lactobacillaceae	Lactiplantibacillus
Chromohalobacter salexigens	CHR61	37.0	158080	Bacteria	Bacillota	Bacilli	Lactobacillales	Lactobacillaceae	Lactiplantibacillus
Chromohalobacter salexigens	CHR61	37.0	158080	Bacteria	Bacillota	Bacilli	Lactobacillales	Lactobacillaceae	Lactiplantibacillus
Chromohalobacter salexigens	CHR61	37.0	158080	Bacteria	Bacillota	Bacilli	Lactobacillales	Lactobacillaceae	Lactiplantibacillus
Chromohalobacter salexigens	CHR61	37.0	158080	Bacteria	Bacillota	Bacilli	Lactobacillales	Lactobacillaceae	Lactiplantibacillus
Chromohalobacter salexigens	CHR61	37.0	158080	Bacteria	Bacillota	Bacilli	Lactobacillales	Lactobacillaceae	Lactiplantibacillus
Chromohalobacter salexigens	CHR61	37.0	158080	Bacteria	Bacillota	Bacilli	Lactobacillales	Lactobacillaceae	Lactiplantibacillus
Chromohalobacter salexigens	CHR61	37.0	158080	Bacteria	Bacillota	Bacilli	Lactobacillales	Lactobacillaceae	Lactiplantibacillus
Chromohalobacter salexigens	CHR61	37.0	158080	Bacteria	Bacillota	Bacilli	Lactobacillales	Lactobacillaceae	Lactiplantibacillus
Chromohalobacter salexigens	CHR95	37.0	158080	Bacteria	Bacillota	Bacilli	Lactobacillales	Lactobacillaceae	Lactiplantibacillus
Chromohalobacter salexigens	CHR95	37.0	158080	Bacteria	Bacillota	Bacilli	Lactobacillales	Lactobacillaceae	Lactiplantibacillus
Chromohalobacter salexigens	CHR95	37.0	158080	Bacteria	Bacillota	Bacilli	Lactobacillales	Lactobacillaceae	Lactiplantibacillus
Chromohalobacter salexigens	CHR95	37.0	158080	Bacteria	Bacillota	Bacilli	Lactobacillales	Lactobacillaceae	Lactiplantibacillus
Chromohalobacter salexigens	CHR95	37.0	158080	Bacteria	Bacillota	Bacilli	Lactobacillales	Lactobacillaceae	Lactiplantibacillus
Chromohalobacter salexigens	CHR95	37.0	158080	Bacteria	Bacillota	Bacilli	Lactobacillales	Lactobacillaceae	Lactiplantibacillus
Chromohalobacter salexigens	CHR95	37.0	158080	Bacteria	Bacillota	Bacilli	Lactobacillales	Lactobacillaceae	Lactiplantibacillus
Chromohalobacter salexigens	CHR95	37.0	158080	Bacteria	Bacillota	Bacilli	Lactobacillales	Lactobacillaceae	Lactiplantibacillus
Chromohalobacter salexigens	CHR95	37.0	158080	Bacteria	Bacillota	Bacilli	Lactobacillales	Lactobacillaceae	Lactiplantibacillus
Chromohalobacter salexigens	CHR95	37.0	158080	Bacteria	Bacillota	Bacilli	Lactobacillales	Lactobacillaceae	Lactiplantibacillus
Chromohalobacter salexigens	CHR95	37.0	158080	Bacteria	Bacillota	Bacilli	Lactobacillales	Lactobacillaceae	Lactiplantibacillus
Chromohalobacter salexigens	CHR95	37.0	158080	Bacteria	Bacillota	Bacilli	Lactobacillales	Lactobacillaceae	Lactiplantibacillus
Chromohalobacter salexigens	CHR161	37.0	158080	Bacteria	Bacillota	Bacilli	Lactobacillales	Lactobacillaceae	Lactiplantibacillus
Chromohalobacter salexigens	CHR161	37.0	158080	Bacteria	Bacillota	Bacilli	Lactobacillales	Lactobacillaceae	Lactiplantibacillus
Chromohalobacter salexigens	CHR161	37.0	158080	Bacteria	Bacillota	Bacilli	Lactobacillales	Lactobacillaceae	Lactiplantibacillus
Chromohalobacter salexigens	CHR161	37.0	158080	Bacteria	Bacillota	Bacilli	Lactobacillales	Lactobacillaceae	Lactiplantibacillus
Chromohalobacter salexigens	CHR161	37.0	158080	Bacteria	Bacillota	Bacilli	Lactobacillales	Lactobacillaceae	Lactiplantibacillus
Chromohalobacter salexigens	CHR161	37.0	158080	Bacteria	Bacillota	Bacilli	Lactobacillales	Lactobacillaceae	Lactiplantibacillus
Chromohalobacter salexigens	CHR161	37.0	158080	Bacteria	Bacillota	Bacilli	Lactobacillales	Lactobacillaceae	Lactiplantibacillus
Chromohalobacter salexigens	CHR161	37.0	158080	Bacteria	Bacillota	Bacilli	Lactobacillales	Lactobacillaceae	Lactiplantibacillus
Chromohalobacter salexigens	CHR183	37.0	158080	Bacteria	Bacillota	Bacilli	Lactobacillales	Lactobacillaceae	Lactiplantibacillus
Chromohalobacter salexigens	CHR183	37.0	158080	Bacteria	Bacillota	Bacilli	Lactobacillales	Lactobacillaceae	Lactiplantibacillus
Chromohalobacter salexigens	CHR183	37.0	158080	Bacteria	Bacillota	Bacilli	Lactobacillales	Lactobacillaceae	Lactiplantibacillus
Chromohalobacter salexigens	CHR183	37.0	158080	Bacteria	Bacillota	Bacilli	Lactobacillales	Lactobacillaceae	Lactiplantibacillus
Chromohalobacter salexigens	CHR183	37.0	158080	Bacteria	Bacillota	Bacilli	Lactobacillales	Lactobacillaceae	Lactiplantibacillus
Chromohalobacter salexigens	CHR183	37.0	158080	Bacteria	Bacillota	Bacilli	Lactobacillales	Lactobacillaceae	Lactiplantibacillus
Chromohalobacter salexigens	CHR183	37.0	158080	Bacteria	Bacillota	Bacilli	Lactobacillales	Lactobacillaceae	Lactiplantibacillus
Chromohalobacter salexigens	CHR183	37.0	158080	Bacteria	Bacillota	Bacilli	Lactobacillales	Lactobacillaceae	Lactiplantibacillus
Chromohalobacter salexigens	DSM 3043	30.0	290398	Bacteria	Bacillota	Bacilli	Lactobacillales	Lactobacillaceae	Lactiplantibacillus
Chromohalobacter salexigens	DSM 3043	30.0	290398	Bacteria	Bacillota	Bacilli	Lactobacillales	Lactobacillaceae	Lactiplantibacillus
Acinetobacter baylyi	ADP1	30.0	62977	Bacteria	Bacillota	Bacilli	Lactobacillales	Lactobacillaceae	Lactiplantibacillus
Acinetobacter baylyi	ADP1	30.0	62977	Bacteria	Bacillota	Bacilli	Lactobacillales	Lactobacillaceae	Lactiplantibacillus
Acinetobacter baylyi	ADP1	30.0	62977	Bacteria	Bacillota	Bacilli	Lactobacillales	Lactobacillaceae	Lactiplantibacillus
Acinetobacter baylyi	ADP1	30.0	62977	Bacteria	Bacillota	Bacilli	Lactobacillales	Lactobacillaceae	Lactiplantibacillus
Acinetobacter baylyi	ADP1	30.0	62977	Bacteria	Bacillota	Bacilli	Lactobacillales	Lactobacillaceae	Lactiplantibacillus
Acinetobacter baylyi	ADP1	30.0	62977	Bacteria	Bacillota	Bacilli	Lactobacillales	Lactobacillaceae	Lactiplantibacillus
Acinetobacter baylyi	ADP1	30.0	62977	Bacteria	Bacillota	Bacilli	Lactobacillales	Lactobacillaceae	Lactiplantibacillus
Acinetobacter baylyi	ADP331	30.0	202950	Bacteria	Bacillota	Bacilli	Lactobacillales	Lactobacillaceae	Lactiplantibacillus
Acinetobacter baylyi	ADP331	30.0	202950	Bacteria	Bacillota	Bacilli	Lactobacillales	Lactobacillaceae	Lactiplantibacillus
Acinetobacter baylyi	ADP331	30.0	202950	Bacteria	Bacillota	Bacilli	Lactobacillales	Lactobacillaceae	Lactiplantibacillus
Acinetobacter baylyi	ADP331	30.0	202950	Bacteria	Bacillota	Bacilli	Lactobacillales	Lactobacillaceae	Lactiplantibacillus
Acinetobacter baylyi	ADP331	30.0	202950	Bacteria	Bacillota	Bacilli	Lactobacillales	Lactobacillaceae	Lactiplantibacillus
Acinetobacter baylyi	ADP331	30.0	202950	Bacteria	Bacillota	Bacilli	Lactobacillales	Lactobacillaceae	Lactiplantibacillus
Acinetobacter baylyi	ADP197	30.0	202950	Bacteria	Bacillota	Bacilli	Lactobacillales	Lactobacillaceae	Lactiplantibacillus
Acinetobacter baylyi	ADP197	30.0	202950	Bacteria	Bacillota	Bacilli	Lactobacillales	Lactobacillaceae	Lactiplantibacillus
Acinetobacter baylyi	ADP197	30.0	202950	Bacteria	Bacillota	Bacilli	Lactobacillales	Lactobacillaceae	Lactiplantibacillus
Acinetobacter baylyi	ADP197	30.0	202950	Bacteria	Bacillota	Bacilli	Lactobacillales	Lactobacillaceae	Lactiplantibacillus
Acinetobacter baylyi	ADP197	30.0	202950	Bacteria	Bacillota	Bacilli	Lactobacillales	Lactobacillaceae	Lactiplantibacillus
Acinetobacter baylyi	ADP197	30.0	202950	Bacteria	Bacillota	Bacilli	Lactobacillales	Lactobacillaceae	Lactiplantibacillus
Acinetobacter baylyi	ADPU331	30.0	202950	Bacteria	Bacillota	Bacilli	Lactobacillales	Lactobacillaceae	Lactiplantibacillus
Acinetobacter baylyi	ADPU331	30.0	202950	Bacteria	Bacillota	Bacilli	Lactobacillales	Lactobacillaceae	Lactiplantibacillus
Acinetobacter baylyi	ADPU331	30.0	202950	Bacteria	Bacillota	Bacilli	Lactobacillales	Lactobacillaceae	Lactiplantibacillus
Acinetobacter baylyi	ADPU331	30.0	202950	Bacteria	Bacillota	Bacilli	Lactobacillales	Lactobacillaceae	Lactiplantibacillus
Acinetobacter baylyi	ADPU331	30.0	202950	Bacteria	Bacillota	Bacilli	Lactobacillales	Lactobacillaceae	Lactiplantibacillus
Acinetobacter baylyi	ADPU331	30.0	202950	Bacteria	Bacillota	Bacilli	Lactobacillales	Lactobacillaceae	Lactiplantibacillus
Leishmania major	nan	25.0	5664	Bacteria	Bacillota	Bacilli	Lactobacillales	Lactobacillaceae	Lactiplantibacillus
Komagataella pastoris	DSMZ 70382	25.0	638632	Bacteria	Bacillota	Bacilli	Lactobacillales	Lactobacillaceae	Lactiplantibacillus
Yersinia pestis	EV76	37.0	632	Bacteria	Bacillota	Bacilli	Lactobacillales	Lactobacillaceae	Lactiplantibacillus
Yersinia pestis	EV76	37.0	632	Bacteria	Bacillota	Bacilli	Lactobacillales	Lactobacillaceae	Lactiplantibacillus
Yersinia pestis	EV76	37.0	632	Bacteria	Bacillota	Bacilli	Lactobacillales	Lactobacillaceae	Lactiplantibacillus
Yersinia pestis	EV76	37.0	632	Bacteria	Bacillota	Bacilli	Lactobacillales	Lactobacillaceae	Lactiplantibacillus
Yersinia pestis	EV76	37.0	632	Bacteria	Bacillota	Bacilli	Lactobacillales	Lactobacillaceae	Lactiplantibacillus
Yersinia pestis	EV76	37.0	632	Bacteria	Bacillota	Bacilli	Lactobacillales	Lactobacillaceae	Lactiplantibacillus
Yersinia pestis	EV76	37.0	632	Bacteria	Bacillota	Bacilli	Lactobacillales	Lactobacillaceae	Lactiplantibacillus
Yersinia pestis	EV76	37.0	632	Bacteria	Bacillota	Bacilli	Lactobacillales	Lactobacillaceae	Lactiplantibacillus
Yersinia pestis	EV76	37.0	632	Bacteria	Bacillota	Bacilli	Lactobacillales	Lactobacillaceae	Lactiplantibacillus
Yersinia pestis	EV76	37.0	632	Bacteria	Bacillota	Bacilli	Lactobacillales	Lactobacillaceae	Lactiplantibacillus
Yersinia pestis	EV76	37.0	632	Bacteria	Bacillota	Bacilli	Lactobacillales	Lactobacillaceae	Lactiplantibacillus
Yersinia pestis	EV76	37.0	632	Bacteria	Bacillota	Bacilli	Lactobacillales	Lactobacillaceae	Lactiplantibacillus
Yersinia pestis	EV76	37.0	632	Bacteria	Bacillota	Bacilli	Lactobacillales	Lactobacillaceae	Lactiplantibacillus
Yersinia pestis	EV76	37.0	632	Bacteria	Bacillota	Bacilli	Lactobacillales	Lactobacillaceae	Lactiplantibacillus
Yersinia pestis	EV76	37.0	632	Bacteria	Bacillota	Bacilli	Lactobacillales	Lactobacillaceae	Lactiplantibacillus
Pseudomonas aeruginosa	PA01	37.0	287	Bacteria	Bacillota	Bacilli	Lactobacillales	Lactobacillaceae	Lactiplantibacillus
Chlamydomonas reinhardtii	nan	25.0	3055	Bacteria	Bacillota	Bacilli	Lactobacillales	Lactobacillaceae	Lactiplantibacillus
Chlamydomonas reinhardtii	nan	25.0	3055	Bacteria	Bacillota	Bacilli	Lactobacillales	Lactobacillaceae	Lactiplantibacillus
Chlamydomonas reinhardtii	nan	25.0	3055	Bacteria	Bacillota	Bacilli	Lactobacillales	Lactobacillaceae	Lactiplantibacillus
Yersinia pestis	EV76_Vwa+	37.0	632	Bacteria	Bacillota	Bacilli	Lactobacillales	Lactobacillaceae	Lactiplantibacillus
Yersinia pestis	EV76_Vwa+	37.0	632	Bacteria	Bacillota	Bacilli	Lactobacillales	Lactobacillaceae	Lactiplantibacillus
Yersinia pestis	EV76_Vwa+	37.0	632	Bacteria	Bacillota	Bacilli	Lactobacillales	Lactobacillaceae	Lactiplantibacillus
Yersinia pestis	EV76_Vwa+	37.0	632	Bacteria	Bacillota	Bacilli	Lactobacillales	Lactobacillaceae	Lactiplantibacillus
Yersinia pestis	EV76_Vwa+	37.0	632	Bacteria	Bacillota	Bacilli	Lactobacillales	Lactobacillaceae	Lactiplantibacillus
Yersinia pestis	EV76_Vwa+	37.0	632	Bacteria	Bacillota	Bacilli	Lactobacillales	Lactobacillaceae	Lactiplantibacillus
Yersinia pestis	EV76_Vwa+	37.0	632	Bacteria	Bacillota	Bacilli	Lactobacillales	Lactobacillaceae	Lactiplantibacillus
Yersinia pestis	EV76_Vwa+	37.0	632	Bacteria	Bacillota	Bacilli	Lactobacillales	Lactobacillaceae	Lactiplantibacillus
Yersinia pestis	EV76_Vwa+	37.0	632	Bacteria	Bacillota	Bacilli	Lactobacillales	Lactobacillaceae	Lactiplantibacillus
Yersinia pestis	EV76_Vwa+	37.0	632	Bacteria	Bacillota	Bacilli	Lactobacillales	Lactobacillaceae	Lactiplantibacillus
Yersinia pestis	EV76_Vwa+	37.0	632	Bacteria	Bacillota	Bacilli	Lactobacillales	Lactobacillaceae	Lactiplantibacillus
Yersinia pestis	EV76_Vwa+	37.0	632	Bacteria	Bacillota	Bacilli	Lactobacillales	Lactobacillaceae	Lactiplantibacillus
Yersinia pestis	EV76_Vwa+	37.0	632	Bacteria	Bacillota	Bacilli	Lactobacillales	Lactobacillaceae	Lactiplantibacillus
Yersinia pestis	EV76_Vwa+	37.0	632	Bacteria	Bacillota	Bacilli	Lactobacillales	Lactobacillaceae	Lactiplantibacillus
Yersinia pestis	EV76_Vwa+	37.0	632	Bacteria	Bacillota	Bacilli	Lactobacillales	Lactobacillaceae	Lactiplantibacillus
Yersinia pestis	EV76_Vwa+	37.0	632	Bacteria	Bacillota	Bacilli	Lactobacillales	Lactobacillaceae	Lactiplantibacillus
Yersinia pestis	EV76_Vwa+	37.0	632	Bacteria	Bacillota	Bacilli	Lactobacillales	Lactobacillaceae	Lactiplantibacillus
Yersinia pestis	EV76_Vwa+	37.0	632	Bacteria	Bacillota	Bacilli	Lactobacillales	Lactobacillaceae	Lactiplantibacillus
Yersinia pestis	EV76_Vwa+	37.0	632	Bacteria	Bacillota	Bacilli	Lactobacillales	Lactobacillaceae	Lactiplantibacillus
Yersinia pestis	EV76_Vwa+	37.0	632	Bacteria	Bacillota	Bacilli	Lactobacillales	Lactobacillaceae	Lactiplantibacillus
Yersinia pestis	EV76_Vwa+	37.0	632	Bacteria	Bacillota	Bacilli	Lactobacillales	Lactobacillaceae	Lactiplantibacillus
Yersinia pestis	EV76_Vwa+	37.0	632	Bacteria	Bacillota	Bacilli	Lactobacillales	Lactobacillaceae	Lactiplantibacillus
Yersinia pestis	EV76_Vwa+	37.0	632	Bacteria	Bacillota	Bacilli	Lactobacillales	Lactobacillaceae	Lactiplantibacillus
Yersinia pestis	EV76_Vwa+	37.0	632	Bacteria	Bacillota	Bacilli	Lactobacillales	Lactobacillaceae	Lactiplantibacillus
Yersinia pestis	EV76_Vwa+	37.0	632	Bacteria	Bacillota	Bacilli	Lactobacillales	Lactobacillaceae	Lactiplantibacillus
Yersinia pestis	EV76_Vwa+	37.0	632	Bacteria	Bacillota	Bacilli	Lactobacillales	Lactobacillaceae	Lactiplantibacillus
Yersinia pestis	EV76_Vwa+	37.0	632	Bacteria	Bacillota	Bacilli	Lactobacillales	Lactobacillaceae	Lactiplantibacillus
Yersinia pestis	EV76_Vwa+	37.0	632	Bacteria	Bacillota	Bacilli	Lactobacillales	Lactobacillaceae	Lactiplantibacillus
Yersinia pestis	EV76_Vwa+	37.0	632	Bacteria	Bacillota	Bacilli	Lactobacillales	Lactobacillaceae	Lactiplantibacillus
Yersinia pestis	EV76_Vwa+	37.0	632	Bacteria	Bacillota	Bacilli	Lactobacillales	Lactobacillaceae	Lactiplantibacillus
Porphyromonas gingivalis	W83	37.0	242619	Bacteria	Bacillota	Bacilli	Lactobacillales	Lactobacillaceae	Lactiplantibacillus
Porphyromonas gingivalis	W50	37.0	1125722	Bacteria	Bacillota	Bacilli	Lactobacillales	Lactobacillaceae	Lactiplantibacillus
Porphyromonas gingivalis	LH9	37.0	837	Bacteria	Bacillota	Bacilli	Lactobacillales	Lactobacillaceae	Lactiplantibacillus
Porphyromonas gingivalis	WPH15	37.0	837	Bacteria	Bacillota	Bacilli	Lactobacillales	Lactobacillaceae	Lactiplantibacillus
Porphyromonas gingivalis	WPH34	37.0	837	Bacteria	Bacillota	Bacilli	Lactobacillales	Lactobacillaceae	Lactiplantibacillus
Porphyromonas gingivalis	HG91	37.0	837	Bacteria	Bacillota	Bacilli	Lactobacillales	Lactobacillaceae	Lactiplantibacillus
Porphyromonas gingivalis	HG184	37.0	837	Bacteria	Bacillota	Bacilli	Lactobacillales	Lactobacillaceae	Lactiplantibacillus
Porphyromonas gingivalis	Hg185	37.0	837	Bacteria	Bacillota	Bacilli	Lactobacillales	Lactobacillaceae	Lactiplantibacillus
Clostridium acetobutylicum	P262	34.0	1488	Bacteria	Bacillota	Bacilli	Lactobacillales	Lactobacillaceae	Lactiplantibacillus
Clostridium acetobutylicum	ATCC 824	22.0	272562	Bacteria	Bacillota	Bacilli	Lactobacillales	Lactobacillaceae	Lactiplantibacillus
Clostridium acetobutylicum	ATCC 824	37.0	272562	Bacteria	Bacillota	Bacilli	Lactobacillales	Lactobacillaceae	Lactiplantibacillus
Clostridium acetobutylicum	ATCC 824	42.0	272562	Bacteria	Bacillota	Bacilli	Lactobacillales	Lactobacillaceae	Lactiplantibacillus
Clostridium acetobutylicum	ATCC 824	22.0	272562	Bacteria	Bacillota	Bacilli	Lactobacillales	Lactobacillaceae	Lactiplantibacillus
Clostridium acetobutylicum	ATCC 824	22.0	272562	Bacteria	Bacillota	Bacilli	Lactobacillales	Lactobacillaceae	Lactiplantibacillus
Clostridium acetobutylicum	ATCC 824	37.0	272562	Bacteria	Bacillota	Bacilli	Lactobacillales	Lactobacillaceae	Lactiplantibacillus
Clostridium acetobutylicum	ATCC 824	37.0	272562	Bacteria	Bacillota	Bacilli	Lactobacillales	Lactobacillaceae	Lactiplantibacillus
Clostridium acetobutylicum	ATCC 824	42.0	272562	Bacteria	Bacillota	Bacilli	Lactobacillales	Lactobacillaceae	Lactiplantibacillus
Clostridium acetobutylicum	SA-2	22.0	1488	Bacteria	Bacillota	Bacilli	Lactobacillales	Lactobacillaceae	Lactiplantibacillus
Clostridium acetobutylicum	SA-2	37.0	1488	Bacteria	Bacillota	Bacilli	Lactobacillales	Lactobacillaceae	Lactiplantibacillus
Clostridium acetobutylicum	SA-2	42.0	1488	Bacteria	Bacillota	Bacilli	Lactobacillales	Lactobacillaceae	Lactiplantibacillus
Clostridium acetobutylicum	SA-2	22.0	1488	Bacteria	Bacillota	Bacilli	Lactobacillales	Lactobacillaceae	Lactiplantibacillus
Clostridium acetobutylicum	SA-2	22.0	1488	Bacteria	Bacillota	Bacilli	Lactobacillales	Lactobacillaceae	Lactiplantibacillus
Clostridium acetobutylicum	SA-2	37.0	1488	Bacteria	Bacillota	Bacilli	Lactobacillales	Lactobacillaceae	Lactiplantibacillus
Clostridium acetobutylicum	SA-2	37.0	1488	Bacteria	Bacillota	Bacilli	Lactobacillales	Lactobacillaceae	Lactiplantibacillus
Clostridium acetobutylicum	SA-2	42.0	1488	Bacteria	Bacillota	Bacilli	Lactobacillales	Lactobacillaceae	Lactiplantibacillus
Klebsiella  pneumoniae	nan	37.0	573	Bacteria	Bacillota	Bacilli	Lactobacillales	Lactobacillaceae	Lactiplantibacillus
Klebsiella  pneumoniae	nan	37.0	573	Bacteria	Bacillota	Bacilli	Lactobacillales	Lactobacillaceae	Lactiplantibacillus
Klebsiella  pneumoniae	nan	37.0	573	Bacteria	Bacillota	Bacilli	Lactobacillales	Lactobacillaceae	Lactiplantibacillus
Klebsiella  pneumoniae	nan	37.0	573	Bacteria	Bacillota	Bacilli	Lactobacillales	Lactobacillaceae	Lactiplantibacillus
Klebsiella  pneumoniae	nan	37.0	573	Bacteria	Bacillota	Bacilli	Lactobacillales	Lactobacillaceae	Lactiplantibacillus
Klebsiella  pneumoniae	nan	37.0	573	Bacteria	Bacillota	Bacilli	Lactobacillales	Lactobacillaceae	Lactiplantibacillus
Klebsiella  pneumoniae	nan	37.0	573	Bacteria	Bacillota	Bacilli	Lactobacillales	Lactobacillaceae	Lactiplantibacillus
Klebsiella  pneumoniae	nan	37.0	573	Bacteria	Bacillota	Bacilli	Lactobacillales	Lactobacillaceae	Lactiplantibacillus
Klebsiella  pneumoniae	nan	37.0	573	Bacteria	Bacillota	Bacilli	Lactobacillales	Lactobacillaceae	Lactiplantibacillus
Klebsiella  pneumoniae	nan	37.0	573	Bacteria	Bacillota	Bacilli	Lactobacillales	Lactobacillaceae	Lactiplantibacillus
Klebsiella  pneumoniae	nan	30.0	573	Bacteria	Bacillota	Bacilli	Lactobacillales	Lactobacillaceae	Lactiplantibacillus
Klebsiella  pneumoniae	nan	30.0	573	Bacteria	Bacillota	Bacilli	Lactobacillales	Lactobacillaceae	Lactiplantibacillus
Klebsiella  pneumoniae	nan	30.0	573	Bacteria	Bacillota	Bacilli	Lactobacillales	Lactobacillaceae	Lactiplantibacillus
Klebsiella  pneumoniae	nan	30.0	573	Bacteria	Bacillota	Bacilli	Lactobacillales	Lactobacillaceae	Lactiplantibacillus
Klebsiella  pneumoniae	nan	30.0	573	Bacteria	Bacillota	Bacilli	Lactobacillales	Lactobacillaceae	Lactiplantibacillus
Klebsiella  pneumoniae	nan	30.0	573	Bacteria	Bacillota	Bacilli	Lactobacillales	Lactobacillaceae	Lactiplantibacillus
Escherichia coli	O157:H7 RIMD0509952	37.0	562	Bacteria	Bacillota	Bacilli	Lactobacillales	Lactobacillaceae	Lactiplantibacillus
Escherichia coli	O157:H7	37.0	83334	Bacteria	Bacillota	Bacilli	Lactobacillales	Lactobacillaceae	Lactiplantibacillus
Escherichia coli	ATCC 23794	37.0	562	Bacteria	Bacillota	Bacilli	Lactobacillales	Lactobacillaceae	Lactiplantibacillus
Escherichia coli	ATCC 23794	37.0	562	Bacteria	Bacillota	Bacilli	Lactobacillales	Lactobacillaceae	Lactiplantibacillus
Escherichia coli	ATCC 23794	37.0	562	Bacteria	Bacillota	Bacilli	Lactobacillales	Lactobacillaceae	Lactiplantibacillus
Escherichia coli	ATCC 23794	37.0	562	Bacteria	Bacillota	Bacilli	Lactobacillales	Lactobacillaceae	Lactiplantibacillus
Escherichia coli	JCL1225[pJF118]	37.0	562	Bacteria	Bacillota	Bacilli	Lactobacillales	Lactobacillaceae	Lactiplantibacillus
Escherichia coli	JCL1225[pPC201]	37.0	562	Bacteria	Bacillota	Bacilli	Lactobacillales	Lactobacillaceae	Lactiplantibacillus
Escherichia coli	JCL1535[pJF118]	37.0	562	Bacteria	Bacillota	Bacilli	Lactobacillales	Lactobacillaceae	Lactiplantibacillus
Escherichia coli	JCL1535[pPC201]	37.0	562	Bacteria	Bacillota	Bacilli	Lactobacillales	Lactobacillaceae	Lactiplantibacillus
Clostridium beijerinckii	NCIMB 8052	37.0	290402	Bacteria	Bacillota	Bacilli	Lactobacillales	Lactobacillaceae	Lactiplantibacillus
Escherichia coli	O157:H7 ATCC 43895	37.0	562	Bacteria	Bacillota	Bacilli	Lactobacillales	Lactobacillaceae	Lactiplantibacillus
Escherichia coli	O157:H7 ATCC 43895	37.0	562	Bacteria	Bacillota	Bacilli	Lactobacillales	Lactobacillaceae	Lactiplantibacillus
Escherichia coli	O157:H7 ATCC 43895	37.0	562	Bacteria	Bacillota	Bacilli	Lactobacillales	Lactobacillaceae	Lactiplantibacillus
Escherichia coli	O157:H7 ATCC 43895	37.0	562	Bacteria	Bacillota	Bacilli	Lactobacillales	Lactobacillaceae	Lactiplantibacillus
Escherichia coli	O157:H7 ATCC 43895	37.0	562	Bacteria	Bacillota	Bacilli	Lactobacillales	Lactobacillaceae	Lactiplantibacillus
Escherichia coli	O157:H7 ATCC 43895	37.0	562	Bacteria	Bacillota	Bacilli	Lactobacillales	Lactobacillaceae	Lactiplantibacillus
Escherichia coli	O157:H7 ATCC 43895	37.0	562	Bacteria	Bacillota	Bacilli	Lactobacillales	Lactobacillaceae	Lactiplantibacillus
Escherichia coli	O157:H7 ATCC 43895	37.0	562	Bacteria	Bacillota	Bacilli	Lactobacillales	Lactobacillaceae	Lactiplantibacillus
Escherichia coli	O157:H7 ATCC 43895	37.0	562	Bacteria	Bacillota	Bacilli	Lactobacillales	Lactobacillaceae	Lactiplantibacillus
Escherichia coli	HB101	37.0	634468	Bacteria	Bacillota	Bacilli	Lactobacillales	Lactobacillaceae	Lactiplantibacillus
Escherichia coli	HB101	37.0	634468	Bacteria	Bacillota	Bacilli	Lactobacillales	Lactobacillaceae	Lactiplantibacillus
Escherichia coli	HB101	37.0	634468	Bacteria	Bacillota	Bacilli	Lactobacillales	Lactobacillaceae	Lactiplantibacillus
Escherichia coli	HB101	37.0	634468	Bacteria	Bacillota	Bacilli	Lactobacillales	Lactobacillaceae	Lactiplantibacillus
Escherichia coli	HB101	37.0	634468	Bacteria	Bacillota	Bacilli	Lactobacillales	Lactobacillaceae	Lactiplantibacillus
Escherichia coli	HB101	37.0	634468	Bacteria	Bacillota	Bacilli	Lactobacillales	Lactobacillaceae	Lactiplantibacillus
Escherichia coli	HB101	37.0	634468	Bacteria	Bacillota	Bacilli	Lactobacillales	Lactobacillaceae	Lactiplantibacillus
Escherichia coli	HB101	37.0	634468	Bacteria	Bacillota	Bacilli	Lactobacillales	Lactobacillaceae	Lactiplantibacillus
Escherichia coli	HB101	37.0	634468	Bacteria	Bacillota	Bacilli	Lactobacillales	Lactobacillaceae	Lactiplantibacillus
Escherichia coli	HB101	37.0	634468	Bacteria	Bacillota	Bacilli	Lactobacillales	Lactobacillaceae	Lactiplantibacillus
Escherichia coli	JM109	30.0	562	Bacteria	Bacillota	Bacilli	Lactobacillales	Lactobacillaceae	Lactiplantibacillus
Escherichia coli	JM109	37.0	562	Bacteria	Bacillota	Bacilli	Lactobacillales	Lactobacillaceae	Lactiplantibacillus
Escherichia coli	JM109	37.0	562	Bacteria	Bacillota	Bacilli	Lactobacillales	Lactobacillaceae	Lactiplantibacillus
Escherichia coli	JM109[pEcoR4,pRK248cI,pMTC48]	30.0	562	Bacteria	Bacillota	Bacilli	Lactobacillales	Lactobacillaceae	Lactiplantibacillus
Escherichia coli	JM109[pUC 13]	37.0	562	Bacteria	Bacillota	Bacilli	Lactobacillales	Lactobacillaceae	Lactiplantibacillus
Escherichia coli	JM109[pUC 13]	37.0	562	Bacteria	Bacillota	Bacilli	Lactobacillales	Lactobacillaceae	Lactiplantibacillus
Escherichia coli	JM109[pUC 13]	37.0	562	Bacteria	Bacillota	Bacilli	Lactobacillales	Lactobacillaceae	Lactiplantibacillus
Escherichia coli	JM109[pUC 13]	37.0	562	Bacteria	Bacillota	Bacilli	Lactobacillales	Lactobacillaceae	Lactiplantibacillus
Escherichia coli	JM109[pUC 13]	37.0	562	Bacteria	Bacillota	Bacilli	Lactobacillales	Lactobacillaceae	Lactiplantibacillus
Escherichia coli	BW25113	37.0	562	Bacteria	Bacillota	Bacilli	Lactobacillales	Lactobacillaceae	Lactiplantibacillus
Escherichia coli	BW25113	37.0	562	Bacteria	Bacillota	Bacilli	Lactobacillales	Lactobacillaceae	Lactiplantibacillus
Escherichia coli	BW25113	37.0	562	Bacteria	Bacillota	Bacilli	Lactobacillales	Lactobacillaceae	Lactiplantibacillus
Escherichia coli	BW25113	37.0	562	Bacteria	Bacillota	Bacilli	Lactobacillales	Lactobacillaceae	Lactiplantibacillus
Escherichia coli	BW25113	37.0	562	Bacteria	Bacillota	Bacilli	Lactobacillales	Lactobacillaceae	Lactiplantibacillus
Escherichia coli	BW25113	37.0	562	Bacteria	Bacillota	Bacilli	Lactobacillales	Lactobacillaceae	Lactiplantibacillus
Escherichia coli	BW25113	37.0	562	Bacteria	Bacillota	Bacilli	Lactobacillales	Lactobacillaceae	Lactiplantibacillus
Escherichia coli	BW25113_pflA-	37.0	562	Bacteria	Bacillota	Bacilli	Lactobacillales	Lactobacillaceae	Lactiplantibacillus
Escherichia coli	BW25113_pta-	37.0	562	Bacteria	Bacillota	Bacilli	Lactobacillales	Lactobacillaceae	Lactiplantibacillus
Escherichia coli	BW25113_ppc-	37.0	562	Bacteria	Bacillota	Bacilli	Lactobacillales	Lactobacillaceae	Lactiplantibacillus
Escherichia coli	BW25113_ppc-	37.0	562	Bacteria	Bacillota	Bacilli	Lactobacillales	Lactobacillaceae	Lactiplantibacillus
Escherichia coli	BW25113_adhE-	37.0	562	Bacteria	Bacillota	Bacilli	Lactobacillales	Lactobacillaceae	Lactiplantibacillus
Escherichia coli	BW25113_pykF-	37.0	562	Bacteria	Bacillota	Bacilli	Lactobacillales	Lactobacillaceae	Lactiplantibacillus
Escherichia coli	BW25113_pflB-	37.0	562	Bacteria	Bacillota	Bacilli	Lactobacillales	Lactobacillaceae	Lactiplantibacillus
Escherichia coli	BW25113_gnd-	37.0	562	Bacteria	Bacillota	Bacilli	Lactobacillales	Lactobacillaceae	Lactiplantibacillus
Escherichia coli	BW25113_gnd-	37.0	562	Bacteria	Bacillota	Bacilli	Lactobacillales	Lactobacillaceae	Lactiplantibacillus
Escherichia coli	BW25113_zwf-	37.0	562	Bacteria	Bacillota	Bacilli	Lactobacillales	Lactobacillaceae	Lactiplantibacillus
Escherichia coli	BW25113_zwf-	37.0	562	Bacteria	Bacillota	Bacilli	Lactobacillales	Lactobacillaceae	Lactiplantibacillus
Escherichia coli	BW25113_zwf-	37.0	562	Bacteria	Bacillota	Bacilli	Lactobacillales	Lactobacillaceae	Lactiplantibacillus
Escherichia coli	BW25113_zwf-	37.0	562	Bacteria	Bacillota	Bacilli	Lactobacillales	Lactobacillaceae	Lactiplantibacillus
Escherichia coli	K-10	37.0	562	Bacteria	Bacillota	Bacilli	Lactobacillales	Lactobacillaceae	Lactiplantibacillus
Escherichia coli	K-10	37.0	562	Bacteria	Bacillota	Bacilli	Lactobacillales	Lactobacillaceae	Lactiplantibacillus
Escherichia coli	MG1655 / pKB2	37.0	562	Bacteria	Bacillota	Bacilli	Lactobacillales	Lactobacillaceae	Lactiplantibacillus
Escherichia coli	MG1655 / pKB2	37.0	562	Bacteria	Bacillota	Bacilli	Lactobacillales	Lactobacillaceae	Lactiplantibacillus
Escherichia coli	MG1655 / pKB2	37.0	562	Bacteria	Bacillota	Bacilli	Lactobacillales	Lactobacillaceae	Lactiplantibacillus
Escherichia coli	MG1655 / pKB2	37.0	562	Bacteria	Bacillota	Bacilli	Lactobacillales	Lactobacillaceae	Lactiplantibacillus
Escherichia coli	VH1000 :: ppcnB-lacZ	37.0	562	Bacteria	Bacillota	Bacilli	Lactobacillales	Lactobacillaceae	Lactiplantibacillus
Escherichia coli	VH1000 :: ppcnB-lacZ	37.0	562	Bacteria	Bacillota	Bacilli	Lactobacillales	Lactobacillaceae	Lactiplantibacillus
Escherichia coli	VH1000 :: ppcnB-lacZ	37.0	562	Bacteria	Bacillota	Bacilli	Lactobacillales	Lactobacillaceae	Lactiplantibacillus
Escherichia coli	VH1000 :: ppcnB-lacZ	37.0	562	Bacteria	Bacillota	Bacilli	Lactobacillales	Lactobacillaceae	Lactiplantibacillus
Escherichia coli	MG1655[pBR322]	37.0	562	Bacteria	Bacillota	Bacilli	Lactobacillales	Lactobacillaceae	Lactiplantibacillus
Escherichia coli	MG1655[pBR322]	37.0	562	Bacteria	Bacillota	Bacilli	Lactobacillales	Lactobacillaceae	Lactiplantibacillus
Escherichia coli	MG1655[pPP1]	37.0	562	Bacteria	Bacillota	Bacilli	Lactobacillales	Lactobacillaceae	Lactiplantibacillus
Escherichia coli	MG1655[pPP1]	37.0	562	Bacteria	Bacillota	Bacilli	Lactobacillales	Lactobacillaceae	Lactiplantibacillus
Escherichia coli	W3110[pBR322]	37.0	562	Bacteria	Bacillota	Bacilli	Lactobacillales	Lactobacillaceae	Lactiplantibacillus
Escherichia coli	W3110[pBR322]	37.0	562	Bacteria	Bacillota	Bacilli	Lactobacillales	Lactobacillaceae	Lactiplantibacillus
Escherichia coli	W3110[pPP1]	37.0	562	Bacteria	Bacillota	Bacilli	Lactobacillales	Lactobacillaceae	Lactiplantibacillus
Escherichia coli	W3110[pPP1]	37.0	562	Bacteria	Bacillota	Bacilli	Lactobacillales	Lactobacillaceae	Lactiplantibacillus
Thermotoga maritima	nan	85.0	2336	Bacteria	Bacillota	Bacilli	Lactobacillales	Lactobacillaceae	Lactiplantibacillus
Escherichia coli	ML30G	37.0	562	Bacteria	Bacillota	Bacilli	Lactobacillales	Lactobacillaceae	Lactiplantibacillus
Escherichia coli	TS689	37.0	562	Bacteria	Bacillota	Bacilli	Lactobacillales	Lactobacillaceae	Lactiplantibacillus
Escherichia coli	K-12	37.0	83333	Bacteria	Bacillota	Bacilli	Lactobacillales	Lactobacillaceae	Lactiplantibacillus
Salmonella enterica	Typhimurium LT2	37.0	28901	Bacteria	Bacillota	Bacilli	Lactobacillales	Lactobacillaceae	Lactiplantibacillus
Salmonella enterica	Typhimurium LT2	37.0	28901	Bacteria	Bacillota	Bacilli	Lactobacillales	Lactobacillaceae	Lactiplantibacillus
Escherichia coli	MG1655	37.0	562	Bacteria	Bacillota	Bacilli	Lactobacillales	Lactobacillaceae	Lactiplantibacillus
Escherichia coli	MG1655	37.0	562	Bacteria	Bacillota	Bacilli	Lactobacillales	Lactobacillaceae	Lactiplantibacillus
Escherichia coli	MDS12	37.0	562	Bacteria	Bacillota	Bacilli	Lactobacillales	Lactobacillaceae	Lactiplantibacillus
Escherichia coli	W3110	37.0	562	Bacteria	Bacillota	Bacilli	Lactobacillales	Lactobacillaceae	Lactiplantibacillus
Escherichia coli	W3110	37.0	562	Bacteria	Bacillota	Bacilli	Lactobacillales	Lactobacillaceae	Lactiplantibacillus
Escherichia coli	W3110	37.0	562	Bacteria	Bacillota	Bacilli	Lactobacillales	Lactobacillaceae	Lactiplantibacillus
Escherichia coli	JM101	37.0	562	Bacteria	Bacillota	Bacilli	Lactobacillales	Lactobacillaceae	Lactiplantibacillus
Escherichia coli	K-10_Zwf-	37.0	562	Bacteria	Bacillota	Bacilli	Lactobacillales	Lactobacillaceae	Lactiplantibacillus
Escherichia coli	W3110_Pgi-	37.0	562	Bacteria	Bacillota	Bacilli	Lactobacillales	Lactobacillaceae	Lactiplantibacillus
Escherichia coli	K-10_PfkA-	37.0	562	Bacteria	Bacillota	Bacilli	Lactobacillales	Lactobacillaceae	Lactiplantibacillus
Escherichia coli	JM101_PykAF-	37.0	562	Bacteria	Bacillota	Bacilli	Lactobacillales	Lactobacillaceae	Lactiplantibacillus
Escherichia coli	K-12_Mae-_Pck-	37.0	562	Bacteria	Bacillota	Bacilli	Lactobacillales	Lactobacillaceae	Lactiplantibacillus
Escherichia coli	MG1655_SdhA-_Mdh-	37.0	562	Bacteria	Bacillota	Bacilli	Lactobacillales	Lactobacillaceae	Lactiplantibacillus
Escherichia coli	K-12_FumA-	37.0	562	Bacteria	Bacillota	Bacilli	Lactobacillales	Lactobacillaceae	Lactiplantibacillus
Rhizobium etli	CE3	28.0	29449	Bacteria	Bacillota	Bacilli	Lactobacillales	Lactobacillaceae	Lactiplantibacillus
Rhizobium etli	CE3	28.0	29449	Bacteria	Bacillota	Bacilli	Lactobacillales	Lactobacillaceae	Lactiplantibacillus
Rhizobium etli	CE3	28.0	29449	Bacteria	Bacillota	Bacilli	Lactobacillales	Lactobacillaceae	Lactiplantibacillus
Rhizobium etli	CE3	28.0	29449	Bacteria	Bacillota	Bacilli	Lactobacillales	Lactobacillaceae	Lactiplantibacillus
Rhizobium etli	CE3	28.0	29449	Bacteria	Bacillota	Bacilli	Lactobacillales	Lactobacillaceae	Lactiplantibacillus
Rhizobium etli	CE3	28.0	29449	Bacteria	Bacillota	Bacilli	Lactobacillales	Lactobacillaceae	Lactiplantibacillus
Rhizobium etli	CE3	28.0	29449	Bacteria	Bacillota	Bacilli	Lactobacillales	Lactobacillaceae	Lactiplantibacillus
Rhizobium etli	CE3	28.0	29449	Bacteria	Bacillota	Bacilli	Lactobacillales	Lactobacillaceae	Lactiplantibacillus
Rhizobium etli	dec/53	28.0	29449	Bacteria	Bacillota	Bacilli	Lactobacillales	Lactobacillaceae	Lactiplantibacillus
Rhizobium etli	dec/53	28.0	29449	Bacteria	Bacillota	Bacilli	Lactobacillales	Lactobacillaceae	Lactiplantibacillus
Rhizobium etli	dec/53	28.0	29449	Bacteria	Bacillota	Bacilli	Lactobacillales	Lactobacillaceae	Lactiplantibacillus
Rhizobium etli	dec/53	28.0	29449	Bacteria	Bacillota	Bacilli	Lactobacillales	Lactobacillaceae	Lactiplantibacillus
Rhizobium etli	dec/53	28.0	29449	Bacteria	Bacillota	Bacilli	Lactobacillales	Lactobacillaceae	Lactiplantibacillus
Clostridium thermocellum	ATCC 27405	60.0	203119	Bacteria	Bacillota	Bacilli	Lactobacillales	Lactobacillaceae	Lactiplantibacillus
Escherichia coli	MC4100	37.0	562	Bacteria	Bacillota	Bacilli	Lactobacillales	Lactobacillaceae	Lactiplantibacillus
Escherichia coli	MC4100	37.0	562	Bacteria	Bacillota	Bacilli	Lactobacillales	Lactobacillaceae	Lactiplantibacillus
Escherichia coli	MC4100	37.0	562	Bacteria	Bacillota	Bacilli	Lactobacillales	Lactobacillaceae	Lactiplantibacillus
Escherichia coli	MC4100	37.0	562	Bacteria	Bacillota	Bacilli	Lactobacillales	Lactobacillaceae	Lactiplantibacillus
Escherichia coli	MC4100	37.0	562	Bacteria	Bacillota	Bacilli	Lactobacillales	Lactobacillaceae	Lactiplantibacillus
Escherichia coli	MC4100	37.0	562	Bacteria	Bacillota	Bacilli	Lactobacillales	Lactobacillaceae	Lactiplantibacillus
Escherichia coli	MC4100	37.0	562	Bacteria	Bacillota	Bacilli	Lactobacillales	Lactobacillaceae	Lactiplantibacillus
Escherichia coli	MC4100	37.0	562	Bacteria	Bacillota	Bacilli	Lactobacillales	Lactobacillaceae	Lactiplantibacillus
Rhizobium etli	M4	28.0	29449	Bacteria	Bacillota	Bacilli	Lactobacillales	Lactobacillaceae	Lactiplantibacillus
Rhizobium etli	M4	28.0	29449	Bacteria	Bacillota	Bacilli	Lactobacillales	Lactobacillaceae	Lactiplantibacillus
Rhizobium etli	M4	28.0	29449	Bacteria	Bacillota	Bacilli	Lactobacillales	Lactobacillaceae	Lactiplantibacillus
Rhizobium etli	Viking 1	28.0	29449	Bacteria	Bacillota	Bacilli	Lactobacillales	Lactobacillaceae	Lactiplantibacillus
Rhizobium etli	Viking 1	28.0	29449	Bacteria	Bacillota	Bacilli	Lactobacillales	Lactobacillaceae	Lactiplantibacillus
Rhizobium etli	Viking 1	28.0	29449	Bacteria	Bacillota	Bacilli	Lactobacillales	Lactobacillaceae	Lactiplantibacillus
Rhizobium etli	CIAT613	28.0	29449	Bacteria	Bacillota	Bacilli	Lactobacillales	Lactobacillaceae	Lactiplantibacillus
Rhizobium etli	CIAT613	28.0	29449	Bacteria	Bacillota	Bacilli	Lactobacillales	Lactobacillaceae	Lactiplantibacillus
Rhizobium etli	CIAT613	28.0	29449	Bacteria	Bacillota	Bacilli	Lactobacillales	Lactobacillaceae	Lactiplantibacillus
Rhizobium etli	CFN42	28.0	29449	Bacteria	Bacillota	Bacilli	Lactobacillales	Lactobacillaceae	Lactiplantibacillus
Rhizobium etli	CFN42	28.0	29449	Bacteria	Bacillota	Bacilli	Lactobacillales	Lactobacillaceae	Lactiplantibacillus
Rhizobium etli	ReTV1	28.0	29449	Bacteria	Bacillota	Bacilli	Lactobacillales	Lactobacillaceae	Lactiplantibacillus
Rhizobium etli	ReTV1	28.0	29449	Bacteria	Bacillota	Bacilli	Lactobacillales	Lactobacillaceae	Lactiplantibacillus
Rhizobium etli	ReTV2	28.0	29449	Bacteria	Bacillota	Bacilli	Lactobacillales	Lactobacillaceae	Lactiplantibacillus
Rhizobium etli	ReTV2	28.0	29449	Bacteria	Bacillota	Bacilli	Lactobacillales	Lactobacillaceae	Lactiplantibacillus
Rhizobium etli	CFNX186	28.0	29449	Bacteria	Bacillota	Bacilli	Lactobacillales	Lactobacillaceae	Lactiplantibacillus
Rhizobium etli	CFNX186	28.0	29449	Bacteria	Bacillota	Bacilli	Lactobacillales	Lactobacillaceae	Lactiplantibacillus
Rhizobium etli	CFNX186-4	28.0	29449	Bacteria	Bacillota	Bacilli	Lactobacillales	Lactobacillaceae	Lactiplantibacillus
Rhizobium etli	CFNX186-4	28.0	29449	Bacteria	Bacillota	Bacilli	Lactobacillales	Lactobacillaceae	Lactiplantibacillus
Rhizobium etli	CFNX186-24	28.0	29449	Bacteria	Bacillota	Bacilli	Lactobacillales	Lactobacillaceae	Lactiplantibacillus
Rhizobium etli	CFNX186-24	28.0	29449	Bacteria	Bacillota	Bacilli	Lactobacillales	Lactobacillaceae	Lactiplantibacillus
Vibrio vulnificus	C7184	37.0	672	Bacteria	Bacillota	Bacilli	Lactobacillales	Lactobacillaceae	Lactiplantibacillus
Vibrio vulnificus	C7184	37.0	672	Bacteria	Bacillota	Bacilli	Lactobacillales	Lactobacillaceae	Lactiplantibacillus
Natronomonas pharaonis	DSM 2160	40.0	348780	Bacteria	Bacillota	Bacilli	Lactobacillales	Lactobacillaceae	Lactiplantibacillus
Bacillus subtilis	168	37.0	1423	Bacteria	Bacillota	Bacilli	Lactobacillales	Lactobacillaceae	Lactiplantibacillus
Bacillus subtilis	168	37.0	1423	Bacteria	Bacillota	Bacilli	Lactobacillales	Lactobacillaceae	Lactiplantibacillus
Bacillus subtilis	168	37.0	1423	Bacteria	Bacillota	Bacilli	Lactobacillales	Lactobacillaceae	Lactiplantibacillus
Bacillus subtilis	168	37.0	1423	Bacteria	Bacillota	Bacilli	Lactobacillales	Lactobacillaceae	Lactiplantibacillus
Bacillus subtilis	168	37.0	1423	Bacteria	Bacillota	Bacilli	Lactobacillales	Lactobacillaceae	Lactiplantibacillus
Bacillus subtilis	168	37.0	1423	Bacteria	Bacillota	Bacilli	Lactobacillales	Lactobacillaceae	Lactiplantibacillus
Bacillus subtilis	168	37.0	1423	Bacteria	Bacillota	Bacilli	Lactobacillales	Lactobacillaceae	Lactiplantibacillus
Escherichia coli	BL21(DE3)	37.0	469008	Bacteria	Bacillota	Bacilli	Lactobacillales	Lactobacillaceae	Lactiplantibacillus
Escherichia coli	BL21(DE3)	37.0	469008	Bacteria	Bacillota	Bacilli	Lactobacillales	Lactobacillaceae	Lactiplantibacillus
Escherichia coli	BL21(DE3)	37.0	469008	Bacteria	Bacillota	Bacilli	Lactobacillales	Lactobacillaceae	Lactiplantibacillus
Escherichia coli	BL21(DE3)	37.0	469008	Bacteria	Bacillota	Bacilli	Lactobacillales	Lactobacillaceae	Lactiplantibacillus
Escherichia coli	BL21	37.0	511693	Bacteria	Bacillota	Bacilli	Lactobacillales	Lactobacillaceae	Lactiplantibacillus
Escherichia coli	BL21	37.0	511693	Bacteria	Bacillota	Bacilli	Lactobacillales	Lactobacillaceae	Lactiplantibacillus
Escherichia coli	BL21	37.0	511693	Bacteria	Bacillota	Bacilli	Lactobacillales	Lactobacillaceae	Lactiplantibacillus
Escherichia coli	BL21	37.0	511693	Bacteria	Bacillota	Bacilli	Lactobacillales	Lactobacillaceae	Lactiplantibacillus
Pseudomonas putida	KT2440	30.0	160488	Bacteria	Bacillota	Bacilli	Lactobacillales	Lactobacillaceae	Lactiplantibacillus
Pseudomonas putida	KT2440	30.0	160488	Bacteria	Bacillota	Bacilli	Lactobacillales	Lactobacillaceae	Lactiplantibacillus
Pseudomonas putida	KT2440	30.0	160488	Bacteria	Bacillota	Bacilli	Lactobacillales	Lactobacillaceae	Lactiplantibacillus
Pseudomonas putida	KT2440	30.0	160488	Bacteria	Bacillota	Bacilli	Lactobacillales	Lactobacillaceae	Lactiplantibacillus
Pseudomonas putida	KT2440	30.0	160488	Bacteria	Bacillota	Bacilli	Lactobacillales	Lactobacillaceae	Lactiplantibacillus
Bacillus subtilis	1S53	37.0	1423	Bacteria	Bacillota	Bacilli	Lactobacillales	Lactobacillaceae	Lactiplantibacillus
Bacillus subtilis	1S53	37.0	1423	Bacteria	Bacillota	Bacilli	Lactobacillales	Lactobacillaceae	Lactiplantibacillus
Bacillus subtilis	1S53	37.0	1423	Bacteria	Bacillota	Bacilli	Lactobacillales	Lactobacillaceae	Lactiplantibacillus
Bacillus subtilis	1S53	37.0	1423	Bacteria	Bacillota	Bacilli	Lactobacillales	Lactobacillaceae	Lactiplantibacillus
Bacillus subtilis	1S53	37.0	1423	Bacteria	Bacillota	Bacilli	Lactobacillales	Lactobacillaceae	Lactiplantibacillus
Bradyrhizobium japonicum	USDA 110	28.0	375	Bacteria	Bacillota	Bacilli	Lactobacillales	Lactobacillaceae	Lactiplantibacillus
Bradyrhizobium japonicum	USDA 110	28.0	375	Bacteria	Bacillota	Bacilli	Lactobacillales	Lactobacillaceae	Lactiplantibacillus
Bradyrhizobium japonicum	USDA 110	28.0	375	Bacteria	Bacillota	Bacilli	Lactobacillales	Lactobacillaceae	Lactiplantibacillus
Hydrogenobacter thermophilus	TK-6	70.0	608538	Bacteria	Bacillota	Bacilli	Lactobacillales	Lactobacillaceae	Lactiplantibacillus
Hydrogenobacter thermophilus	TK-6	70.0	608538	Bacteria	Bacillota	Bacilli	Lactobacillales	Lactobacillaceae	Lactiplantibacillus
Hydrogenobacter thermophilus	TK-6	70.0	608538	Bacteria	Bacillota	Bacilli	Lactobacillales	Lactobacillaceae	Lactiplantibacillus
Salmonella enterica	Typhimurium	37.0	28901	Bacteria	Bacillota	Bacilli	Lactobacillales	Lactobacillaceae	Lactiplantibacillus
Salmonella enterica	Typhimurium	37.0	28901	Bacteria	Bacillota	Bacilli	Lactobacillales	Lactobacillaceae	Lactiplantibacillus
Salmonella enterica	Typhimurium	37.0	28901	Bacteria	Bacillota	Bacilli	Lactobacillales	Lactobacillaceae	Lactiplantibacillus
Salmonella enterica	Typhimurium	37.0	28901	Bacteria	Bacillota	Bacilli	Lactobacillales	Lactobacillaceae	Lactiplantibacillus
Salmonella enterica	Typhimurium	37.0	28901	Bacteria	Bacillota	Bacilli	Lactobacillales	Lactobacillaceae	Lactiplantibacillus
Salmonella enterica	Typhimurium	37.0	28901	Bacteria	Bacillota	Bacilli	Lactobacillales	Lactobacillaceae	Lactiplantibacillus
Salmonella enterica	Typhimurium	37.0	28901	Bacteria	Bacillota	Bacilli	Lactobacillales	Lactobacillaceae	Lactiplantibacillus
Salmonella enterica	Typhimurium	37.0	28901	Bacteria	Bacillota	Bacilli	Lactobacillales	Lactobacillaceae	Lactiplantibacillus
Salmonella enterica	Typhimurium	37.0	28901	Bacteria	Bacillota	Bacilli	Lactobacillales	Lactobacillaceae	Lactiplantibacillus
Salmonella enterica	Typhimurium	37.0	28901	Bacteria	Bacillota	Bacilli	Lactobacillales	Lactobacillaceae	Lactiplantibacillus
Salmonella enterica	Typhimurium	37.0	28901	Bacteria	Bacillota	Bacilli	Lactobacillales	Lactobacillaceae	Lactiplantibacillus
Salmonella enterica	Typhimurium	37.0	28901	Bacteria	Bacillota	Bacilli	Lactobacillales	Lactobacillaceae	Lactiplantibacillus
Salmonella enterica	Typhimurium	37.0	28901	Bacteria	Bacillota	Bacilli	Lactobacillales	Lactobacillaceae	Lactiplantibacillus
Salmonella enterica	Typhimurium	37.0	28901	Bacteria	Bacillota	Bacilli	Lactobacillales	Lactobacillaceae	Lactiplantibacillus
Salmonella enterica	Typhimurium	37.0	28901	Bacteria	Bacillota	Bacilli	Lactobacillales	Lactobacillaceae	Lactiplantibacillus
Salmonella enterica	Typhimurium	37.0	28901	Bacteria	Bacillota	Bacilli	Lactobacillales	Lactobacillaceae	Lactiplantibacillus
Salmonella enterica	Typhimurium	37.0	28901	Bacteria	Bacillota	Bacilli	Lactobacillales	Lactobacillaceae	Lactiplantibacillus
Salmonella enterica	Typhimurium	37.0	28901	Bacteria	Bacillota	Bacilli	Lactobacillales	Lactobacillaceae	Lactiplantibacillus
Salmonella enterica	Typhimurium	37.0	28901	Bacteria	Bacillota	Bacilli	Lactobacillales	Lactobacillaceae	Lactiplantibacillus
Salmonella enterica	Typhimurium	37.0	28901	Bacteria	Bacillota	Bacilli	Lactobacillales	Lactobacillaceae	Lactiplantibacillus
Salmonella enterica	Typhimurium	37.0	28901	Bacteria	Bacillota	Bacilli	Lactobacillales	Lactobacillaceae	Lactiplantibacillus
Salmonella enterica	Typhimurium	37.0	28901	Bacteria	Bacillota	Bacilli	Lactobacillales	Lactobacillaceae	Lactiplantibacillus
Salmonella enterica	Typhimurium	37.0	28901	Bacteria	Bacillota	Bacilli	Lactobacillales	Lactobacillaceae	Lactiplantibacillus
Salmonella enterica	Typhimurium	37.0	28901	Bacteria	Bacillota	Bacilli	Lactobacillales	Lactobacillaceae	Lactiplantibacillus
Salmonella enterica	Typhimurium	37.0	28901	Bacteria	Bacillota	Bacilli	Lactobacillales	Lactobacillaceae	Lactiplantibacillus
Salmonella enterica	Typhimurium	37.0	28901	Bacteria	Bacillota	Bacilli	Lactobacillales	Lactobacillaceae	Lactiplantibacillus
Salmonella enterica	Typhimurium	37.0	28901	Bacteria	Bacillota	Bacilli	Lactobacillales	Lactobacillaceae	Lactiplantibacillus
Salmonella enterica	Typhimurium	37.0	28901	Bacteria	Bacillota	Bacilli	Lactobacillales	Lactobacillaceae	Lactiplantibacillus
Salmonella enterica	Typhimurium	37.0	28901	Bacteria	Bacillota	Bacilli	Lactobacillales	Lactobacillaceae	Lactiplantibacillus
Salmonella enterica	Typhimurium	37.0	28901	Bacteria	Bacillota	Bacilli	Lactobacillales	Lactobacillaceae	Lactiplantibacillus
Salmonella enterica	Typhimurium	37.0	28901	Bacteria	Bacillota	Bacilli	Lactobacillales	Lactobacillaceae	Lactiplantibacillus
Salmonella enterica	Typhimurium	37.0	28901	Bacteria	Bacillota	Bacilli	Lactobacillales	Lactobacillaceae	Lactiplantibacillus
Salmonella enterica	Typhimurium	37.0	28901	Bacteria	Bacillota	Bacilli	Lactobacillales	Lactobacillaceae	Lactiplantibacillus
Salmonella enterica	Typhimurium	37.0	28901	Bacteria	Bacillota	Bacilli	Lactobacillales	Lactobacillaceae	Lactiplantibacillus
Salmonella enterica	Typhimurium	37.0	28901	Bacteria	Bacillota	Bacilli	Lactobacillales	Lactobacillaceae	Lactiplantibacillus
Salmonella enterica	Typhimurium	37.0	28901	Bacteria	Bacillota	Bacilli	Lactobacillales	Lactobacillaceae	Lactiplantibacillus
Salmonella enterica	Typhimurium	37.0	28901	Bacteria	Bacillota	Bacilli	Lactobacillales	Lactobacillaceae	Lactiplantibacillus
Salmonella enterica	Typhimurium	37.0	28901	Bacteria	Bacillota	Bacilli	Lactobacillales	Lactobacillaceae	Lactiplantibacillus
Salmonella enterica	Typhimurium	37.0	28901	Bacteria	Bacillota	Bacilli	Lactobacillales	Lactobacillaceae	Lactiplantibacillus
Salmonella enterica	Typhimurium	37.0	28901	Bacteria	Bacillota	Bacilli	Lactobacillales	Lactobacillaceae	Lactiplantibacillus
Salmonella enterica	Typhimurium	37.0	28901	Bacteria	Bacillota	Bacilli	Lactobacillales	Lactobacillaceae	Lactiplantibacillus
Salmonella enterica	Typhimurium	37.0	28901	Bacteria	Bacillota	Bacilli	Lactobacillales	Lactobacillaceae	Lactiplantibacillus
Salmonella enterica	Typhimurium	37.0	28901	Bacteria	Bacillota	Bacilli	Lactobacillales	Lactobacillaceae	Lactiplantibacillus
Salmonella enterica	Typhimurium	37.0	28901	Bacteria	Bacillota	Bacilli	Lactobacillales	Lactobacillaceae	Lactiplantibacillus
Salmonella enterica	Typhimurium	37.0	28901	Bacteria	Bacillota	Bacilli	Lactobacillales	Lactobacillaceae	Lactiplantibacillus
Salmonella enterica	Typhimurium	37.0	28901	Bacteria	Bacillota	Bacilli	Lactobacillales	Lactobacillaceae	Lactiplantibacillus
Salmonella enterica	Typhimurium	37.0	28901	Bacteria	Bacillota	Bacilli	Lactobacillales	Lactobacillaceae	Lactiplantibacillus
Salmonella enterica	Typhimurium	37.0	28901	Bacteria	Bacillota	Bacilli	Lactobacillales	Lactobacillaceae	Lactiplantibacillus
Salmonella enterica	Typhimurium	37.0	28901	Bacteria	Bacillota	Bacilli	Lactobacillales	Lactobacillaceae	Lactiplantibacillus
Salmonella enterica	Typhimurium	37.0	28901	Bacteria	Bacillota	Bacilli	Lactobacillales	Lactobacillaceae	Lactiplantibacillus
Salmonella enterica	Typhimurium	37.0	28901	Bacteria	Bacillota	Bacilli	Lactobacillales	Lactobacillaceae	Lactiplantibacillus
Salmonella enterica	Typhimurium	37.0	28901	Bacteria	Bacillota	Bacilli	Lactobacillales	Lactobacillaceae	Lactiplantibacillus
Salmonella enterica	Typhimurium	37.0	28901	Bacteria	Bacillota	Bacilli	Lactobacillales	Lactobacillaceae	Lactiplantibacillus
Salmonella enterica	Typhimurium	37.0	28901	Bacteria	Bacillota	Bacilli	Lactobacillales	Lactobacillaceae	Lactiplantibacillus
Salmonella enterica	Typhimurium	37.0	28901	Bacteria	Bacillota	Bacilli	Lactobacillales	Lactobacillaceae	Lactiplantibacillus
Salmonella enterica	Typhimurium	37.0	28901	Bacteria	Bacillota	Bacilli	Lactobacillales	Lactobacillaceae	Lactiplantibacillus
Salmonella enterica	Typhimurium flr-19	37.0	28901	Bacteria	Bacillota	Bacilli	Lactobacillales	Lactobacillaceae	Lactiplantibacillus
Salmonella enterica	Typhimurium flr-191	37.0	28901	Bacteria	Bacillota	Bacilli	Lactobacillales	Lactobacillaceae	Lactiplantibacillus
Salmonella enterica	Typhimurium CV241	37.0	28901	Bacteria	Bacillota	Bacilli	Lactobacillales	Lactobacillaceae	Lactiplantibacillus
Streptomyces Coelicolor	J802	30.0	1902	Bacteria	Bacillota	Bacilli	Lactobacillales	Lactobacillaceae	Lactiplantibacillus
Streptomyces Coelicolor	J802	30.0	1902	Bacteria	Bacillota	Bacilli	Lactobacillales	Lactobacillaceae	Lactiplantibacillus
Streptomyces Coelicolor	J802	30.0	1902	Bacteria	Bacillota	Bacilli	Lactobacillales	Lactobacillaceae	Lactiplantibacillus
Streptomyces Coelicolor	J802	30.0	1902	Bacteria	Bacillota	Bacilli	Lactobacillales	Lactobacillaceae	Lactiplantibacillus
Streptomyces Coelicolor	A3(2)	30.0	100226	Bacteria	Bacillota	Bacilli	Lactobacillales	Lactobacillaceae	Lactiplantibacillus
Escherichia coli	KO229	37.0	562	Bacteria	Bacillota	Bacilli	Lactobacillales	Lactobacillaceae	Lactiplantibacillus
Escherichia coli	BL21[pACYC184]	37.0	562	Bacteria	Bacillota	Bacilli	Lactobacillales	Lactobacillaceae	Lactiplantibacillus
Escherichia coli	BL21[pACDdsA]	37.0	562	Bacteria	Bacillota	Bacilli	Lactobacillales	Lactobacillaceae	Lactiplantibacillus
Escherichia coli	BL21[pET-ASPP]	37.0	562	Bacteria	Bacillota	Bacilli	Lactobacillales	Lactobacillaceae	Lactiplantibacillus
Escherichia coli	BL21[pET-28b(+)]	37.0	562	Bacteria	Bacillota	Bacilli	Lactobacillales	Lactobacillaceae	Lactiplantibacillus
Escherichia coli	BL21_aspP-	37.0	562	Bacteria	Bacillota	Bacilli	Lactobacillales	Lactobacillaceae	Lactiplantibacillus
Corynebacterium glutamicum	ATCC 13032	30.0	196627	Bacteria	Bacillota	Bacilli	Lactobacillales	Lactobacillaceae	Lactiplantibacillus
Corynebacterium glutamicum	ATCC 13032	30.0	196627	Bacteria	Bacillota	Bacilli	Lactobacillales	Lactobacillaceae	Lactiplantibacillus
Corynebacterium glutamicum	ATCC 13032	30.0	196627	Bacteria	Bacillota	Bacilli	Lactobacillales	Lactobacillaceae	Lactiplantibacillus
Neurospora crassa	OR74A	25.0	367110	Bacteria	Bacillota	Bacilli	Lactobacillales	Lactobacillaceae	Lactiplantibacillus
Mycobacterium tuberculosis	H37Rv	37.0	83332	Bacteria	Bacillota	Bacilli	Lactobacillales	Lactobacillaceae	Lactiplantibacillus
Zymomonas mobilis	CP4	30.0	542	Bacteria	Bacillota	Bacilli	Lactobacillales	Lactobacillaceae	Lactiplantibacillus
Zymomonas mobilis	11163	30.0	542	Bacteria	Bacillota	Bacilli	Lactobacillales	Lactobacillaceae	Lactiplantibacillus
Zymomonas mobilis	ATCC 10988	30.0	542	Bacteria	Bacillota	Bacilli	Lactobacillales	Lactobacillaceae	Lactiplantibacillus
Zymomonas mobilis	CU1	30.0	542	Bacteria	Bacillota	Bacilli	Lactobacillales	Lactobacillaceae	Lactiplantibacillus
Staphylococcus aureus	N315	37.0	1280	Bacteria	Bacillota	Bacilli	Lactobacillales	Lactobacillaceae	Lactiplantibacillus
Acinetobacter baumannii	ATCC 19606	37.0	470	Bacteria	Bacillota	Bacilli	Lactobacillales	Lactobacillaceae	Lactiplantibacillus
Acinetobacter baumannii	ATCC 19606	37.0	470	Bacteria	Bacillota	Bacilli	Lactobacillales	Lactobacillaceae	Lactiplantibacillus
Cyanothece	ATCC 51142	30.0	43989	Bacteria	Bacillota	Bacilli	Lactobacillales	Lactobacillaceae	Lactiplantibacillus
Deinococcus radiodurans	R1	35.0	1299	Bacteria	Bacillota	Bacilli	Lactobacillales	Lactobacillaceae	Lactiplantibacillus
Deinococcus radiodurans	R1	35.0	1299	Bacteria	Bacillota	Bacilli	Lactobacillales	Lactobacillaceae	Lactiplantibacillus
Deinococcus radiodurans	R1	35.0	1299	Bacteria	Bacillota	Bacilli	Lactobacillales	Lactobacillaceae	Lactiplantibacillus
Deinococcus radiodurans	R1	35.0	1299	Bacteria	Bacillota	Bacilli	Lactobacillales	Lactobacillaceae	Lactiplantibacillus
Bacillus amyloliquefaciens	B155	37.0	1390	Bacteria	Bacillota	Bacilli	Lactobacillales	Lactobacillaceae	Lactiplantibacillus
Bacillus amyloliquefaciens	B20	37.0	1390	Bacteria	Bacillota	Bacilli	Lactobacillales	Lactobacillaceae	Lactiplantibacillus
Bacillus amyloliquefaciens	B20	37.0	1390	Bacteria	Bacillota	Bacilli	Lactobacillales	Lactobacillaceae	Lactiplantibacillus
Aspergillus nidulans	conidia	37.0	162425	Bacteria	Bacillota	Bacilli	Lactobacillales	Lactobacillaceae	Lactiplantibacillus
Aspergillus nidulans	conidia	28.0	162425	Bacteria	Bacillota	Bacilli	Lactobacillales	Lactobacillaceae	Lactiplantibacillus
Aspergillus nidulans	A187	37.0	162425	Bacteria	Bacillota	Bacilli	Lactobacillales	Lactobacillaceae	Lactiplantibacillus
Aspergillus nidulans	A187	37.0	162425	Bacteria	Bacillota	Bacilli	Lactobacillales	Lactobacillaceae	Lactiplantibacillus
Aspergillus nidulans	creA	37.0	162425	Bacteria	Bacillota	Bacilli	Lactobacillales	Lactobacillaceae	Lactiplantibacillus
Aspergillus nidulans	creA	37.0	162425	Bacteria	Bacillota	Bacilli	Lactobacillales	Lactobacillaceae	Lactiplantibacillus
Aspergillus nidulans	TA1	30.0	162425	Bacteria	Bacillota	Bacilli	Lactobacillales	Lactobacillaceae	Lactiplantibacillus
Aspergillus niger	AB1.13	30.0	5061	Bacteria	Bacillota	Bacilli	Lactobacillales	Lactobacillaceae	Lactiplantibacillus
Aspergillus niger	AB1.13	30.0	5061	Bacteria	Bacillota	Bacilli	Lactobacillales	Lactobacillaceae	Lactiplantibacillus
Aspergillus oryzae	A1560	30.0	5062	Bacteria	Bacillota	Bacilli	Lactobacillales	Lactobacillaceae	Lactiplantibacillus
Aspergillus oryzae	A1560	30.0	5062	Bacteria	Bacillota	Bacilli	Lactobacillales	Lactobacillaceae	Lactiplantibacillus
Aspergillus oryzae	CF1.1	30.0	5062	Bacteria	Bacillota	Bacilli	Lactobacillales	Lactobacillaceae	Lactiplantibacillus
Aspergillus oryzae	CF1.1	30.0	5062	Bacteria	Bacillota	Bacilli	Lactobacillales	Lactobacillaceae	Lactiplantibacillus
Aspergillus oryzae	CF2.1	30.0	5062	Bacteria	Bacillota	Bacilli	Lactobacillales	Lactobacillaceae	Lactiplantibacillus
Aspergillus oryzae	CF2.1	30.0	5062	Bacteria	Bacillota	Bacilli	Lactobacillales	Lactobacillaceae	Lactiplantibacillus
Halobacterium salinarum	R-1	40.0	2242	Bacteria	Bacillota	Bacilli	Lactobacillales	Lactobacillaceae	Lactiplantibacillus
Ketogulonicigenium vulgare	nan	30.0	92945	Bacteria	Bacillota	Bacilli	Lactobacillales	Lactobacillaceae	Lactiplantibacillus
Bacillus megaterium	nan	30.0	1404	Bacteria	Bacillota	Bacilli	Lactobacillales	Lactobacillaceae	Lactiplantibacillus
Bacillus megaterium	KM Leu-	30.0	1404	Bacteria	Bacillota	Bacilli	Lactobacillales	Lactobacillaceae	Lactiplantibacillus
Bacillus megaterium	KM Leu-	30.0	1404	Bacteria	Bacillota	Bacilli	Lactobacillales	Lactobacillaceae	Lactiplantibacillus
Candida glabrata	CTCC M202019	30.0	1406948	Bacteria	Bacillota	Bacilli	Lactobacillales	Lactobacillaceae	Lactiplantibacillus
Candida glabrata	CTCC M202019	30.0	1406948	Bacteria	Bacillota	Bacilli	Lactobacillales	Lactobacillaceae	Lactiplantibacillus
Candida glabrata	CTCC M202019	30.0	1406948	Bacteria	Bacillota	Bacilli	Lactobacillales	Lactobacillaceae	Lactiplantibacillus
Candida glabrata	CTCC M202019	30.0	1406948	Bacteria	Bacillota	Bacilli	Lactobacillales	Lactobacillaceae	Lactiplantibacillus
Candida glabrata	CTCC M202019	30.0	1406948	Bacteria	Bacillota	Bacilli	Lactobacillales	Lactobacillaceae	Lactiplantibacillus
Candida glabrata	CTCC M202019	30.0	1406948	Bacteria	Bacillota	Bacilli	Lactobacillales	Lactobacillaceae	Lactiplantibacillus
Candida glabrata	CTCC M202019	30.0	1406948	Bacteria	Bacillota	Bacilli	Lactobacillales	Lactobacillaceae	Lactiplantibacillus
Candida glabrata	CTCC M202019	30.0	1406948	Bacteria	Bacillota	Bacilli	Lactobacillales	Lactobacillaceae	Lactiplantibacillus
Candida glabrata	CTCC M202019	30.0	1406948	Bacteria	Bacillota	Bacilli	Lactobacillales	Lactobacillaceae	Lactiplantibacillus
Candida glabrata	CTCC M202019	30.0	1406948	Bacteria	Bacillota	Bacilli	Lactobacillales	Lactobacillaceae	Lactiplantibacillus
Candida glabrata	CTCC M202019	30.0	1406948	Bacteria	Bacillota	Bacilli	Lactobacillales	Lactobacillaceae	Lactiplantibacillus
Candida glabrata	CTCC M202019	30.0	1406948	Bacteria	Bacillota	Bacilli	Lactobacillales	Lactobacillaceae	Lactiplantibacillus
Candida glabrata	CTCC M202019	30.0	1406948	Bacteria	Bacillota	Bacilli	Lactobacillales	Lactobacillaceae	Lactiplantibacillus
Candida glabrata	CTCC M202019	30.0	1406948	Bacteria	Bacillota	Bacilli	Lactobacillales	Lactobacillaceae	Lactiplantibacillus
Candida glabrata	CTCC M202019	30.0	1406948	Bacteria	Bacillota	Bacilli	Lactobacillales	Lactobacillaceae	Lactiplantibacillus
Candida glabrata	CTCC M202019	30.0	1406948	Bacteria	Bacillota	Bacilli	Lactobacillales	Lactobacillaceae	Lactiplantibacillus
Candida glabrata	CTCC M202019	30.0	1406948	Bacteria	Bacillota	Bacilli	Lactobacillales	Lactobacillaceae	Lactiplantibacillus
Candida glabrata	CTCC M202019	30.0	1406948	Bacteria	Bacillota	Bacilli	Lactobacillales	Lactobacillaceae	Lactiplantibacillus
Candida glabrata	CTCC M202019	30.0	1406948	Bacteria	Bacillota	Bacilli	Lactobacillales	Lactobacillaceae	Lactiplantibacillus
Candida glabrata	CTCC M202019	30.0	1406948	Bacteria	Bacillota	Bacilli	Lactobacillales	Lactobacillaceae	Lactiplantibacillus
Candida glabrata	CTCC M202019	30.0	1406948	Bacteria	Bacillota	Bacilli	Lactobacillales	Lactobacillaceae	Lactiplantibacillus
Candida glabrata	CTCC M202019	30.0	1406948	Bacteria	Bacillota	Bacilli	Lactobacillales	Lactobacillaceae	Lactiplantibacillus
Candida glabrata	CTCC M202019	30.0	1406948	Bacteria	Bacillota	Bacilli	Lactobacillales	Lactobacillaceae	Lactiplantibacillus
Candida glabrata	CTCC M202019	30.0	1406948	Bacteria	Bacillota	Bacilli	Lactobacillales	Lactobacillaceae	Lactiplantibacillus
Candida glabrata	CTCC M202019	30.0	1406948	Bacteria	Bacillota	Bacilli	Lactobacillales	Lactobacillaceae	Lactiplantibacillus
Candida glabrata	CTCC M202019	30.0	1406948	Bacteria	Bacillota	Bacilli	Lactobacillales	Lactobacillaceae	Lactiplantibacillus
Candida glabrata	CTCC M202019	30.0	1406948	Bacteria	Bacillota	Bacilli	Lactobacillales	Lactobacillaceae	Lactiplantibacillus
Candida glabrata	CTCC M202019	30.0	1406948	Bacteria	Bacillota	Bacilli	Lactobacillales	Lactobacillaceae	Lactiplantibacillus
Candida glabrata	CTCC M202019	30.0	1406948	Bacteria	Bacillota	Bacilli	Lactobacillales	Lactobacillaceae	Lactiplantibacillus
Candida glabrata	CTCC M202019	30.0	1406948	Bacteria	Bacillota	Bacilli	Lactobacillales	Lactobacillaceae	Lactiplantibacillus
Candida glabrata	CTCC M202019	30.0	1406948	Bacteria	Bacillota	Bacilli	Lactobacillales	Lactobacillaceae	Lactiplantibacillus
Candida glabrata	CTCC M202019	30.0	1406948	Bacteria	Bacillota	Bacilli	Lactobacillales	Lactobacillaceae	Lactiplantibacillus
Candida glabrata	CTCC M202019	30.0	1406948	Bacteria	Bacillota	Bacilli	Lactobacillales	Lactobacillaceae	Lactiplantibacillus
Candida glabrata	CTCC M202019	30.0	1406948	Bacteria	Bacillota	Bacilli	Lactobacillales	Lactobacillaceae	Lactiplantibacillus
Cupriavidus necator	H16	30.0	381666	Bacteria	Bacillota	Bacilli	Lactobacillales	Lactobacillaceae	Lactiplantibacillus
Cupriavidus necator	H16	30.0	381666	Bacteria	Bacillota	Bacilli	Lactobacillales	Lactobacillaceae	Lactiplantibacillus
Cupriavidus necator	H16	30.0	381666	Bacteria	Bacillota	Bacilli	Lactobacillales	Lactobacillaceae	Lactiplantibacillus
Cupriavidus necator	H16	30.0	381666	Bacteria	Bacillota	Bacilli	Lactobacillales	Lactobacillaceae	Lactiplantibacillus
Cupriavidus necator	H16	30.0	381666	Bacteria	Bacillota	Bacilli	Lactobacillales	Lactobacillaceae	Lactiplantibacillus
Cupriavidus necator	H16	30.0	381666	Bacteria	Bacillota	Bacilli	Lactobacillales	Lactobacillaceae	Lactiplantibacillus
Synechocystis PCC6803	nan	30.0	1148	Bacteria	Bacillota	Bacilli	Lactobacillales	Lactobacillaceae	Lactiplantibacillus
Synechocystis PCC6803	nan	30.0	1148	Bacteria	Bacillota	Bacilli	Lactobacillales	Lactobacillaceae	Lactiplantibacillus
Synechocystis PCC6803	nan	30.0	1148	Bacteria	Bacillota	Bacilli	Lactobacillales	Lactobacillaceae	Lactiplantibacillus
Synechocystis PCC6803	nan	30.0	1148	Bacteria	Bacillota	Bacilli	Lactobacillales	Lactobacillaceae	Lactiplantibacillus
Synechocystis PCC6803	nan	31.0	1148	Bacteria	Bacillota	Bacilli	Lactobacillales	Lactobacillaceae	Lactiplantibacillus
Synechocystis PCC6803	nan	31.0	1148	Bacteria	Bacillota	Bacilli	Lactobacillales	Lactobacillaceae	Lactiplantibacillus
Synechocystis PCC6803	nan	31.0	1148	Bacteria	Bacillota	Bacilli	Lactobacillales	Lactobacillaceae	Lactiplantibacillus
Synechocystis PCC6803	nan	31.0	1148	Bacteria	Bacillota	Bacilli	Lactobacillales	Lactobacillaceae	Lactiplantibacillus
Streptococcus thermophilus	ST1	37.0	1308	Bacteria	Bacillota	Bacilli	Lactobacillales	Lactobacillaceae	Lactiplantibacillus
Streptococcus thermophilus	ST1	37.0	1308	Bacteria	Bacillota	Bacilli	Lactobacillales	Lactobacillaceae	Lactiplantibacillus
Streptococcus thermophilus	ST7	37.0	1308	Bacteria	Bacillota	Bacilli	Lactobacillales	Lactobacillaceae	Lactiplantibacillus
Streptococcus thermophilus	ST7	37.0	1308	Bacteria	Bacillota	Bacilli	Lactobacillales	Lactobacillaceae	Lactiplantibacillus
Streptococcus thermophilus	ST8	37.0	1308	Bacteria	Bacillota	Bacilli	Lactobacillales	Lactobacillaceae	Lactiplantibacillus
Streptococcus thermophilus	ST8	37.0	1308	Bacteria	Bacillota	Bacilli	Lactobacillales	Lactobacillaceae	Lactiplantibacillus
Streptococcus thermophilus	ST11	37.0	1308	Bacteria	Bacillota	Bacilli	Lactobacillales	Lactobacillaceae	Lactiplantibacillus
Streptococcus thermophilus	ST11	37.0	1308	Bacteria	Bacillota	Bacilli	Lactobacillales	Lactobacillaceae	Lactiplantibacillus
Streptococcus thermophilus	ST18	37.0	1308	Bacteria	Bacillota	Bacilli	Lactobacillales	Lactobacillaceae	Lactiplantibacillus
Streptococcus thermophilus	ST18	37.0	1308	Bacteria	Bacillota	Bacilli	Lactobacillales	Lactobacillaceae	Lactiplantibacillus
Streptococcus thermophilus	ST21	37.0	1308	Bacteria	Bacillota	Bacilli	Lactobacillales	Lactobacillaceae	Lactiplantibacillus
Streptococcus thermophilus	ST21	37.0	1308	Bacteria	Bacillota	Bacilli	Lactobacillales	Lactobacillaceae	Lactiplantibacillus
Aspergillus terreus	ATCC 74135	28.0	33178	Bacteria	Bacillota	Bacilli	Lactobacillales	Lactobacillaceae	Lactiplantibacillus
Aspergillus terreus	ATCC 74135	28.0	33178	Bacteria	Bacillota	Bacilli	Lactobacillales	Lactobacillaceae	Lactiplantibacillus
Aspergillus terreus	ATCC 74135	28.0	33178	Bacteria	Bacillota	Bacilli	Lactobacillales	Lactobacillaceae	Lactiplantibacillus
Aspergillus terreus	ATCC 74135	28.0	33178	Bacteria	Bacillota	Bacilli	Lactobacillales	Lactobacillaceae	Lactiplantibacillus
Aspergillus terreus	ATCC 74135	28.0	33178	Bacteria	Bacillota	Bacilli	Lactobacillales	Lactobacillaceae	Lactiplantibacillus
Aspergillus terreus	ATCC 74135	28.0	33178	Bacteria	Bacillota	Bacilli	Lactobacillales	Lactobacillaceae	Lactiplantibacillus
Aspergillus terreus	ATCC 74135	28.0	33178	Bacteria	Bacillota	Bacilli	Lactobacillales	Lactobacillaceae	Lactiplantibacillus
Aspergillus terreus	ATCC 74135	28.0	33178	Bacteria	Bacillota	Bacilli	Lactobacillales	Lactobacillaceae	Lactiplantibacillus
Aspergillus terreus	ATCC 74135	28.0	33178	Bacteria	Bacillota	Bacilli	Lactobacillales	Lactobacillaceae	Lactiplantibacillus
Aspergillus terreus	ATCC 74135	28.0	33178	Bacteria	Bacillota	Bacilli	Lactobacillales	Lactobacillaceae	Lactiplantibacillus
Aspergillus terreus	ATCC 74135	28.0	33178	Bacteria	Bacillota	Bacilli	Lactobacillales	Lactobacillaceae	Lactiplantibacillus
Aspergillus terreus	ATCC 74135	28.0	33178	Bacteria	Bacillota	Bacilli	Lactobacillales	Lactobacillaceae	Lactiplantibacillus
Aspergillus terreus	ATCC 74135	28.0	33178	Bacteria	Bacillota	Bacilli	Lactobacillales	Lactobacillaceae	Lactiplantibacillus
Aspergillus terreus	ATCC 74135	28.0	33178	Bacteria	Bacillota	Bacilli	Lactobacillales	Lactobacillaceae	Lactiplantibacillus
Aspergillus terreus	ATCC 74135	28.0	33178	Bacteria	Bacillota	Bacilli	Lactobacillales	Lactobacillaceae	Lactiplantibacillus
Aspergillus terreus	ATCC 74135	28.0	33178	Bacteria	Bacillota	Bacilli	Lactobacillales	Lactobacillaceae	Lactiplantibacillus
Aspergillus terreus	ATCC 74135	28.0	33178	Bacteria	Bacillota	Bacilli	Lactobacillales	Lactobacillaceae	Lactiplantibacillus
Aspergillus terreus	ATCC 74135	28.0	33178	Bacteria	Bacillota	Bacilli	Lactobacillales	Lactobacillaceae	Lactiplantibacillus
Aspergillus nidulans	A28	30.0	162425	Bacteria	Bacillota	Bacilli	Lactobacillales	Lactobacillaceae	Lactiplantibacillus
Candida glabrata	WSH-IP303	30.0	5478	Bacteria	Bacillota	Bacilli	Lactobacillales	Lactobacillaceae	Lactiplantibacillus
Candida glabrata	WSH-IP303	30.0	5478	Bacteria	Bacillota	Bacilli	Lactobacillales	Lactobacillaceae	Lactiplantibacillus
Thermotoga maritima	DSM 3109	88.0	2336	Bacteria	Bacillota	Bacilli	Lactobacillales	Lactobacillaceae	Lactiplantibacillus
Thermotoga maritima	DSM 3109	85.0	2336	Bacteria	Bacillota	Bacilli	Lactobacillales	Lactobacillaceae	Lactiplantibacillus
Synechocystis PCC6803	psbA	31.0	1148	Bacteria	Bacillota	Bacilli	Lactobacillales	Lactobacillaceae	Lactiplantibacillus
Albidiferax ferrireducens	DMS 15236	33.0	338969	Bacteria	Bacillota	Bacilli	Lactobacillales	Lactobacillaceae	Lactiplantibacillus
Albidiferax ferrireducens	DMS 15236	33.0	338969	Bacteria	Bacillota	Bacilli	Lactobacillales	Lactobacillaceae	Lactiplantibacillus
Neiserria meningitidis	serogroup B	37.0	491	Bacteria	Bacillota	Bacilli	Lactobacillales	Lactobacillaceae	Lactiplantibacillus
Neiserria meningitidis	M1	37.0	487	Bacteria	Bacillota	Bacilli	Lactobacillales	Lactobacillaceae	Lactiplantibacillus
Neiserria meningitidis	M5	37.0	487	Bacteria	Bacillota	Bacilli	Lactobacillales	Lactobacillaceae	Lactiplantibacillus
Neiserria meningitidis	M6	37.0	487	Bacteria	Bacillota	Bacilli	Lactobacillales	Lactobacillaceae	Lactiplantibacillus
Saccharomyces cerevisiae	Y294	30.0	4932	Bacteria	Bacillota	Bacilli	Lactobacillales	Lactobacillaceae	Lactiplantibacillus
Saccharomyces cerevisiae	CBS 8066	30.0	4932	Bacteria	Bacillota	Bacilli	Lactobacillales	Lactobacillaceae	Lactiplantibacillus
Saccharomyces cerevisiae	CBS 8066	30.0	4932	Bacteria	Bacillota	Bacilli	Lactobacillales	Lactobacillaceae	Lactiplantibacillus
Saccharomyces cerevisiae	T2-3D	30.0	4932	Bacteria	Bacillota	Bacilli	Lactobacillales	Lactobacillaceae	Lactiplantibacillus
Saccharomyces cerevisiae	T2-3D	30.0	4932	Bacteria	Bacillota	Bacilli	Lactobacillales	Lactobacillaceae	Lactiplantibacillus
Saccharomyces cerevisiae	GG 570	30.0	4932	Bacteria	Bacillota	Bacilli	Lactobacillales	Lactobacillaceae	Lactiplantibacillus
Saccharomyces cerevisiae	Y294[PGK1]	30.0	4932	Bacteria	Bacillota	Bacilli	Lactobacillales	Lactobacillaceae	Lactiplantibacillus
Saccharomyces cerevisiae	Y294[PGK1-XYN]	30.0	4932	Bacteria	Bacillota	Bacilli	Lactobacillales	Lactobacillaceae	Lactiplantibacillus
Saccharomyces cerevisiae	Y294[ADH2]	30.0	4932	Bacteria	Bacillota	Bacilli	Lactobacillales	Lactobacillaceae	Lactiplantibacillus
Saccharomyces cerevisiae	Y294[ADH2-XYN]	30.0	4932	Bacteria	Bacillota	Bacilli	Lactobacillales	Lactobacillaceae	Lactiplantibacillus
Lactococcus lactis	MG1363	30.0	1358	Bacteria	Bacillota	Bacilli	Lactobacillales	Lactobacillaceae	Lactiplantibacillus
Lactococcus lactis	MG1363	30.0	1358	Bacteria	Bacillota	Bacilli	Lactobacillales	Lactobacillaceae	Lactiplantibacillus
Lactococcus lactis	MG1363	30.0	1358	Bacteria	Bacillota	Bacilli	Lactobacillales	Lactobacillaceae	Lactiplantibacillus
Lactococcus lactis	MG1363	30.0	1358	Bacteria	Bacillota	Bacilli	Lactobacillales	Lactobacillaceae	Lactiplantibacillus
Lactococcus lactis	MG1363	30.0	1358	Bacteria	Bacillota	Bacilli	Lactobacillales	Lactobacillaceae	Lactiplantibacillus
Lactococcus lactis	MG1363	30.0	1358	Bacteria	Bacillota	Bacilli	Lactobacillales	Lactobacillaceae	Lactiplantibacillus
Lactococcus lactis	MG1363	30.0	1358	Bacteria	Bacillota	Bacilli	Lactobacillales	Lactobacillaceae	Lactiplantibacillus
Lactococcus lactis	MG1363	30.0	1358	Bacteria	Bacillota	Bacilli	Lactobacillales	Lactobacillaceae	Lactiplantibacillus
Lactococcus lactis	MG1363	30.0	1358	Bacteria	Bacillota	Bacilli	Lactobacillales	Lactobacillaceae	Lactiplantibacillus
Lactococcus lactis	MG1363	30.0	1358	Bacteria	Bacillota	Bacilli	Lactobacillales	Lactobacillaceae	Lactiplantibacillus
Lactococcus lactis	MG1363	30.0	1358	Bacteria	Bacillota	Bacilli	Lactobacillales	Lactobacillaceae	Lactiplantibacillus
Lactococcus lactis	MG1363	30.0	1358	Bacteria	Bacillota	Bacilli	Lactobacillales	Lactobacillaceae	Lactiplantibacillus
Lactococcus lactis	MG1614	30.0	1358	Bacteria	Bacillota	Bacilli	Lactobacillales	Lactobacillaceae	Lactiplantibacillus
Lactococcus lactis	NCDO 2118	30.0	1358	Bacteria	Bacillota	Bacilli	Lactobacillales	Lactobacillaceae	Lactiplantibacillus
Lactococcus lactis	NCDO 2118	30.0	1358	Bacteria	Bacillota	Bacilli	Lactobacillales	Lactobacillaceae	Lactiplantibacillus
Lactococcus lactis	NCDO 2118	30.0	1358	Bacteria	Bacillota	Bacilli	Lactobacillales	Lactobacillaceae	Lactiplantibacillus
Lactococcus lactis	NCDO 2118	30.0	1358	Bacteria	Bacillota	Bacilli	Lactobacillales	Lactobacillaceae	Lactiplantibacillus
Lactococcus lactis	C2	30.0	1358	Bacteria	Bacillota	Bacilli	Lactobacillales	Lactobacillaceae	Lactiplantibacillus
Lactococcus lactis	IL1403	30.0	1358	Bacteria	Bacillota	Bacilli	Lactobacillales	Lactobacillaceae	Lactiplantibacillus
Lactococcus lactis	IL1403	30.0	1358	Bacteria	Bacillota	Bacilli	Lactobacillales	Lactobacillaceae	Lactiplantibacillus
Lactococcus lactis	IL1403	30.0	1358	Bacteria	Bacillota	Bacilli	Lactobacillales	Lactobacillaceae	Lactiplantibacillus
Geobacter metallireducens	nan	33.0	28232	Bacteria	Bacillota	Bacilli	Lactobacillales	Lactobacillaceae	Lactiplantibacillus
Geobacter metallireducens	nan	33.0	28232	Bacteria	Bacillota	Bacilli	Lactobacillales	Lactobacillaceae	Lactiplantibacillus
Geobacter metallireducens	nan	33.0	28232	Bacteria	Bacillota	Bacilli	Lactobacillales	Lactobacillaceae	Lactiplantibacillus
Geobacter metallireducens	nan	33.0	28232	Bacteria	Bacillota	Bacilli	Lactobacillales	Lactobacillaceae	Lactiplantibacillus
Geobacter metallireducens	nan	33.0	28232	Bacteria	Bacillota	Bacilli	Lactobacillales	Lactobacillaceae	Lactiplantibacillus
Geobacter metallireducens	nan	33.0	28232	Bacteria	Bacillota	Bacilli	Lactobacillales	Lactobacillaceae	Lactiplantibacillus
Geobacter metallireducens	nan	33.0	28232	Bacteria	Bacillota	Bacilli	Lactobacillales	Lactobacillaceae	Lactiplantibacillus
Geobacter metallireducens	nan	33.0	28232	Bacteria	Bacillota	Bacilli	Lactobacillales	Lactobacillaceae	Lactiplantibacillus
Geobacter metallireducens	nan	33.0	28232	Bacteria	Bacillota	Bacilli	Lactobacillales	Lactobacillaceae	Lactiplantibacillus
Geobacter metallireducens	nan	33.0	28232	Bacteria	Bacillota	Bacilli	Lactobacillales	Lactobacillaceae	Lactiplantibacillus
Geobacter metallireducens	nan	33.0	28232	Bacteria	Bacillota	Bacilli	Lactobacillales	Lactobacillaceae	Lactiplantibacillus
Geobacter metallireducens	nan	33.0	28232	Bacteria	Bacillota	Bacilli	Lactobacillales	Lactobacillaceae	Lactiplantibacillus
Geobacter metallireducens	nan	33.0	28232	Bacteria	Bacillota	Bacilli	Lactobacillales	Lactobacillaceae	Lactiplantibacillus
Geobacter metallireducens	nan	33.0	28232	Bacteria	Bacillota	Bacilli	Lactobacillales	Lactobacillaceae	Lactiplantibacillus
Geobacter metallireducens	nan	33.0	28232	Bacteria	Bacillota	Bacilli	Lactobacillales	Lactobacillaceae	Lactiplantibacillus
Geobacter metallireducens	nan	33.0	28232	Bacteria	Bacillota	Bacilli	Lactobacillales	Lactobacillaceae	Lactiplantibacillus
Geobacter metallireducens	nan	33.0	28232	Bacteria	Bacillota	Bacilli	Lactobacillales	Lactobacillaceae	Lactiplantibacillus
Geobacter metallireducens	nan	33.0	28232	Bacteria	Bacillota	Bacilli	Lactobacillales	Lactobacillaceae	Lactiplantibacillus
Geobacter metallireducens	nan	33.0	28232	Bacteria	Bacillota	Bacilli	Lactobacillales	Lactobacillaceae	Lactiplantibacillus
Geobacter metallireducens	nan	33.0	28232	Bacteria	Bacillota	Bacilli	Lactobacillales	Lactobacillaceae	Lactiplantibacillus
Geobacter metallireducens	nan	33.0	28232	Bacteria	Bacillota	Bacilli	Lactobacillales	Lactobacillaceae	Lactiplantibacillus
Geobacter metallireducens	nan	33.0	28232	Bacteria	Bacillota	Bacilli	Lactobacillales	Lactobacillaceae	Lactiplantibacillus
Geobacter metallireducens	nan	33.0	28232	Bacteria	Bacillota	Bacilli	Lactobacillales	Lactobacillaceae	Lactiplantibacillus
Geobacter metallireducens	nan	33.0	28232	Bacteria	Bacillota	Bacilli	Lactobacillales	Lactobacillaceae	Lactiplantibacillus
Geobacter metallireducens	nan	33.0	28232	Bacteria	Bacillota	Bacilli	Lactobacillales	Lactobacillaceae	Lactiplantibacillus
Geobacter metallireducens	nan	33.0	28232	Bacteria	Bacillota	Bacilli	Lactobacillales	Lactobacillaceae	Lactiplantibacillus
Geobacter metallireducens	nan	33.0	28232	Bacteria	Bacillota	Bacilli	Lactobacillales	Lactobacillaceae	Lactiplantibacillus
Geobacter metallireducens	nan	33.0	28232	Bacteria	Bacillota	Bacilli	Lactobacillales	Lactobacillaceae	Lactiplantibacillus
Geobacter metallireducens	nan	33.0	28232	Bacteria	Bacillota	Bacilli	Lactobacillales	Lactobacillaceae	Lactiplantibacillus
Geobacter metallireducens	nan	33.0	28232	Bacteria	Bacillota	Bacilli	Lactobacillales	Lactobacillaceae	Lactiplantibacillus
Geobacter metallireducens	nan	33.0	28232	Bacteria	Bacillota	Bacilli	Lactobacillales	Lactobacillaceae	Lactiplantibacillus
Geobacter metallireducens	nan	33.0	28232	Bacteria	Bacillota	Bacilli	Lactobacillales	Lactobacillaceae	Lactiplantibacillus
Geobacter metallireducens	nan	33.0	28232	Bacteria	Bacillota	Bacilli	Lactobacillales	Lactobacillaceae	Lactiplantibacillus
Geobacter metallireducens	nan	33.0	28232	Bacteria	Bacillota	Bacilli	Lactobacillales	Lactobacillaceae	Lactiplantibacillus
Geobacter metallireducens	nan	33.0	28232	Bacteria	Bacillota	Bacilli	Lactobacillales	Lactobacillaceae	Lactiplantibacillus
Geobacter metallireducens	nan	33.0	28232	Bacteria	Bacillota	Bacilli	Lactobacillales	Lactobacillaceae	Lactiplantibacillus
Geobacter metallireducens	nan	33.0	28232	Bacteria	Bacillota	Bacilli	Lactobacillales	Lactobacillaceae	Lactiplantibacillus
Geobacter metallireducens	nan	33.0	28232	Bacteria	Bacillota	Bacilli	Lactobacillales	Lactobacillaceae	Lactiplantibacillus
Geobacter metallireducens	nan	33.0	28232	Bacteria	Bacillota	Bacilli	Lactobacillales	Lactobacillaceae	Lactiplantibacillus
Geobacter metallireducens	nan	33.0	28232	Bacteria	Bacillota	Bacilli	Lactobacillales	Lactobacillaceae	Lactiplantibacillus
Geobacter metallireducens	nan	33.0	28232	Bacteria	Bacillota	Bacilli	Lactobacillales	Lactobacillaceae	Lactiplantibacillus
Geobacter metallireducens	nan	33.0	28232	Bacteria	Bacillota	Bacilli	Lactobacillales	Lactobacillaceae	Lactiplantibacillus
Geobacter metallireducens	nan	33.0	28232	Bacteria	Bacillota	Bacilli	Lactobacillales	Lactobacillaceae	Lactiplantibacillus
Geobacter metallireducens	nan	33.0	28232	Bacteria	Bacillota	Bacilli	Lactobacillales	Lactobacillaceae	Lactiplantibacillus
Geobacter metallireducens	nan	33.0	28232	Bacteria	Bacillota	Bacilli	Lactobacillales	Lactobacillaceae	Lactiplantibacillus
Geobacter metallireducens	nan	33.0	28232	Bacteria	Bacillota	Bacilli	Lactobacillales	Lactobacillaceae	Lactiplantibacillus
Geobacter metallireducens	nan	33.0	28232	Bacteria	Bacillota	Bacilli	Lactobacillales	Lactobacillaceae	Lactiplantibacillus
Geobacter metallireducens	nan	33.0	28232	Bacteria	Bacillota	Bacilli	Lactobacillales	Lactobacillaceae	Lactiplantibacillus
Geobacter metallireducens	nan	33.0	28232	Bacteria	Bacillota	Bacilli	Lactobacillales	Lactobacillaceae	Lactiplantibacillus
Geobacter metallireducens	nan	33.0	28232	Bacteria	Bacillota	Bacilli	Lactobacillales	Lactobacillaceae	Lactiplantibacillus
Geobacter metallireducens	nan	33.0	28232	Bacteria	Bacillota	Bacilli	Lactobacillales	Lactobacillaceae	Lactiplantibacillus
Geobacter metallireducens	nan	33.0	28232	Bacteria	Bacillota	Bacilli	Lactobacillales	Lactobacillaceae	Lactiplantibacillus
Geobacter metallireducens	nan	33.0	28232	Bacteria	Bacillota	Bacilli	Lactobacillales	Lactobacillaceae	Lactiplantibacillus
Geobacter metallireducens	nan	33.0	28232	Bacteria	Bacillota	Bacilli	Lactobacillales	Lactobacillaceae	Lactiplantibacillus
Geobacter metallireducens	nan	33.0	28232	Bacteria	Bacillota	Bacilli	Lactobacillales	Lactobacillaceae	Lactiplantibacillus
Geobacter metallireducens	nan	33.0	28232	Bacteria	Bacillota	Bacilli	Lactobacillales	Lactobacillaceae	Lactiplantibacillus
Methanosarcina acetivorans	C2A	35.0	188937	Bacteria	Bacillota	Bacilli	Lactobacillales	Lactobacillaceae	Lactiplantibacillus
Methanosarcina barkeri	Fusaro	35.0	2208	Bacteria	Bacillota	Bacilli	Lactobacillales	Lactobacillaceae	Lactiplantibacillus
Methanococcus maripaludis	JJ	30.0	39152	Bacteria	Bacillota	Bacilli	Lactobacillales	Lactobacillaceae	Lactiplantibacillus
Methanococcus maripaludis	S2	37.0	267377	Bacteria	Bacillota	Bacilli	Lactobacillales	Lactobacillaceae	Lactiplantibacillus
Methanococcus maripaludis	MM1020	37.0	39152	Bacteria	Bacillota	Bacilli	Lactobacillales	Lactobacillaceae	Lactiplantibacillus
Methanococcus maripaludis	MM1097	37.0	39152	Bacteria	Bacillota	Bacilli	Lactobacillales	Lactobacillaceae	Lactiplantibacillus
Methanococcus maripaludis	MM1145	37.0	39152	Bacteria	Bacillota	Bacilli	Lactobacillales	Lactobacillaceae	Lactiplantibacillus
Methanococcus maripaludis	MM1183	37.0	39152	Bacteria	Bacillota	Bacilli	Lactobacillales	Lactobacillaceae	Lactiplantibacillus
Methanococcus maripaludis	MM1184	37.0	39152	Bacteria	Bacillota	Bacilli	Lactobacillales	Lactobacillaceae	Lactiplantibacillus
Methanococcus maripaludis	MM707	37.0	39152	Bacteria	Bacillota	Bacilli	Lactobacillales	Lactobacillaceae	Lactiplantibacillus
Methanococcus maripaludis	MM708	37.0	39152	Bacteria	Bacillota	Bacilli	Lactobacillales	Lactobacillaceae	Lactiplantibacillus
Methanococcus maripaludis	MM709	37.0	39152	Bacteria	Bacillota	Bacilli	Lactobacillales	Lactobacillaceae	Lactiplantibacillus
Pelagibacter ubique	HTCC1062	20.0	335992	Bacteria	Bacillota	Bacilli	Lactobacillales	Lactobacillaceae	Lactiplantibacillus
Pelagibacter ubique	HTCC1062	20.0	335992	Bacteria	Bacillota	Bacilli	Lactobacillales	Lactobacillaceae	Lactiplantibacillus
Pelagibacter ubique	HTCC1062	20.0	335992	Bacteria	Bacillota	Bacilli	Lactobacillales	Lactobacillaceae	Lactiplantibacillus
Pelagibacter ubique	HTCC1062	20.0	335992	Bacteria	Bacillota	Bacilli	Lactobacillales	Lactobacillaceae	Lactiplantibacillus
Pelagibacter sp	HTCC7211	20.0	439493	Bacteria	Bacillota	Bacilli	Lactobacillales	Lactobacillaceae	Lactiplantibacillus
Pelagibacter sp	HTCC7211	20.0	439493	Bacteria	Bacillota	Bacilli	Lactobacillales	Lactobacillaceae	Lactiplantibacillus
Pelagibacter sp	HTCC7211	20.0	439493	Bacteria	Bacillota	Bacilli	Lactobacillales	Lactobacillaceae	Lactiplantibacillus
Pelagibacter sp	HTCC7211	20.0	439493	Bacteria	Bacillota	Bacilli	Lactobacillales	Lactobacillaceae	Lactiplantibacillus
Pelagibacter sp	HTCC7211	20.0	439493	Bacteria	Bacillota	Bacilli	Lactobacillales	Lactobacillaceae	Lactiplantibacillus
Pelagibacter sp	HTCC7211	20.0	439493	Bacteria	Bacillota	Bacilli	Lactobacillales	Lactobacillaceae	Lactiplantibacillus
Pelagibacter sp	HTCC7211	20.0	439493	Bacteria	Bacillota	Bacilli	Lactobacillales	Lactobacillaceae	Lactiplantibacillus
Pelagibacter sp	HTCC7211	20.0	439493	Bacteria	Bacillota	Bacilli	Lactobacillales	Lactobacillaceae	Lactiplantibacillus
Pelagibacter sp	HTCC7211	20.0	439493	Bacteria	Bacillota	Bacilli	Lactobacillales	Lactobacillaceae	Lactiplantibacillus
Pelagibacter sp	HTCC7211	20.0	439493	Bacteria	Bacillota	Bacilli	Lactobacillales	Lactobacillaceae	Lactiplantibacillus
