ncbiTaxID	Name	Strain	Temp	Superkingdom	Phylum	Class	Order	Family	Genus
285268	Acetobacter nitrogenifigens	LMG 23498 = DSM 23921	30.0	Bacteria	Pseudomonadota	Alphaproteobacteria	Rhodospirillales	Acetobacteraceae	Acetobacter	
41673	Acidianus brierleyi	DSM 1651	70.0	Archaea	Thermoproteota	Thermoprotei	Sulfolobales	Sulfolobaceae	Acidianus	
1160895	Acidianus copahuensis (Candidatus)	ALE1	75.0	Archaea	Thermoproteota	Thermoprotei	Sulfolobales	Sulfolobaceae	Acidianus	
282676	Acidianus manzaensis	YN-25	65.0	Archaea	Thermoproteota	Thermoprotei	Sulfolobales	Sulfolobaceae	Acidianus	
619593	Acidianus sulfidivorans	JP7	74.0	Archaea	Thermoproteota	Thermoprotei	Sulfolobales	Sulfolobaceae	Acidianus	
1765683	Acidibacillus ferrooxidans	ITV01	30.0	Bacteria	Bacillota	Bacilli	Bacillales	Alicyclobacillaceae	Ferroacidibacillus	
1765683	Acidibacillus ferrooxidans	SLC66	30.0	Bacteria	Bacillota	Bacilli	Bacillales	Alicyclobacillaceae	Ferroacidibacillus	
1765684	Acidibacillus sulfuroxidans	Y002	43.0	Bacteria	Bacillota	Bacilli	Bacillales	Alicyclobacillaceae	Sulfoacidibacillus	
209650	Acidicaldus organivorans	DX-1	52.5	Bacteria	Pseudomonadota	Alphaproteobacteria	Rhodospirillales	Acetobacteraceae	Acidicaldus	
1281578	Acidiferrobacter sp.	SPIII_3	22.5	Bacteria	Pseudomonadota	Gammaproteobacteria	Acidiferrobacterales	Acidiferrobacteraceae	Acidiferrobacter	
163359	Acidiferrobacter thiooxydans	m-1	33.5	Bacteria	Pseudomonadota	Gammaproteobacteria	Acidiferrobacterales	Acidiferrobacteraceae	Acidiferrobacter	
1765967	Acidihalobacter ferrooxidans	V8	30.0	Bacteria	Pseudomonadota	Gammaproteobacteria	Chromatiales	Ectothiorhodospiraceae	Acidihalobacter	
160660	Acidihalobacter prosperus	F5	30.0	Bacteria	Pseudomonadota	Gammaproteobacteria	Chromatiales	Ectothiorhodospiraceae	Acidihalobacter	
160660	Acidihalobacter prosperus	DSM 5130	37.0	Bacteria	Pseudomonadota	Gammaproteobacteria	Chromatiales	Ectothiorhodospiraceae	Acidihalobacter	
160660	Acidihalobacter prosperus	V6	30.0	Bacteria	Pseudomonadota	Gammaproteobacteria	Chromatiales	Ectothiorhodospiraceae	Acidihalobacter	
666510	Acidilobus saccharovorans	345- 15	82.5	Archaea	Thermoproteota	Thermoprotei	Acidilobales	Acidilobaceae	Acidilobus	
1410573	Acidilobus sp.	MG	80.0	Archaea	Thermoproteota	Thermoprotei	Acidilobales	Acidilobaceae	Acidilobus	
1410574	Acidilobus sp.	CIS	80.0	Archaea	Thermoproteota	Thermoprotei	Acidilobales	Acidilobaceae	Acidilobus	
1987489	Acidilobus sp.	SCGC AC-742_M05	85.0	Archaea	Thermoproteota	Thermoprotei	Acidilobales	Acidilobaceae	Acidilobus	
1577685	Acidilobus sp.	7A	82.5	Archaea	Thermoproteota	Thermoprotei	Acidilobales	Acidilobaceae	Acidilobus	
1410575	Acidilobus sp.	OSP8	73.5	Archaea	Thermoproteota	Thermoprotei	Acidilobales	Acidilobaceae	Acidilobus	
1987489	Acidilobus sp.	SCGC AC-742_M05	85.0	Archaea	Thermoproteota	Thermoprotei	Acidilobales	Acidilobaceae	Acidilobus	
525909	Acidimicrobium ferrooxidans	DSM 10331	47.5	Bacteria	Actinomycetota	Acidimicrobiia	Acidimicrobiales	Acidimicrobiaceae	Acidimicrobium	
1408418	Acidiphilium angustum	ATCC 35903	20.0	Bacteria	Pseudomonadota	Alphaproteobacteria	Rhodospirillales	Acetobacteraceae	Acidiphilium	
349163	Acidiphilium cryptum	JF-5	35.0	Bacteria	Pseudomonadota	Alphaproteobacteria	Rhodospirillales	Acetobacteraceae	Acidiphilium	
926570	Acidiphilium multivorum	AIU301	31.0	Bacteria	Pseudomonadota	Alphaproteobacteria	Rhodospirillales	Acetobacteraceae	Acidiphilium	
526	Acidiphilium rubrum	ATCC 35905	20.0	Bacteria	Pseudomonadota	Alphaproteobacteria	Rhodospirillales	Acetobacteraceae	Acidiphilium	
1560006	Acidipila dinghuensis	DHOF10	32.5	Bacteria	Acidobacteriota	Terriglobia	Terriglobales	Acidobacteriaceae	Silvibacterium	
768535	Acidipila rosea	DSM 103428	30.0	Bacteria	Acidobacteriota	Terriglobia	Terriglobales	Acidobacteriaceae	Acidipila	
507754	Acidiplasma aeolicum	VT	45.0	Archaea	Candidatus Thermoplasmatota	Thermoplasmata	Thermoplasmatales	Ferroplasmaceae	Acidiplasma	
1295373	Acidiplasma cupricumulans	BH22 = JCM 13668	53.6	Archaea	Candidatus Thermoplasmatota	Thermoplasmata	Thermoplasmatales	Ferroplasmaceae	Acidiplasma	
1293648	Acidiplasma sp.	MBA-1	55.0	Archaea	Candidatus Thermoplasmatota	Thermoplasmata	Thermoplasmatales	Ferroplasmaceae	Acidiplasma	
1872115	Acidisoma sp.L2	nan	20.0	Bacteria	Pseudomonadota	Alphaproteobacteria	Rhodospirillales	Acetobacteraceae	Acidisoma	
1050368	Acidisoma sp.K16	nan	20.0	Bacteria	Pseudomonadota	Alphaproteobacteria	Rhodospirillales	Acetobacteraceae	Acidisoma	
1231350	Acidisphaera rubrifaciens	HS-AP3	32.5	Bacteria	Pseudomonadota	Alphaproteobacteria	Rhodospirillales	Acetobacteraceae	Acidisphaera	
1294026	Aciditerrimonas ferrireducens	JCM 15389	50.0	Bacteria	Actinomycetota	Acidimicrobiia	Acidimicrobiales	Acidimicrobiaceae	Aciditerrimonas	
119978	Acidithiobacillus albertensis	DSM 14366	30.0	Bacteria	Pseudomonadota	Acidithiobacillia	Acidithiobacillales	Acidithiobacillaceae	Acidithiobacillus	
990288	Acidithiobacillus caldus	SM-1	45.0	Bacteria	Pseudomonadota	Acidithiobacillia	Acidithiobacillales	Acidithiobacillaceae	Acidithiobacillus	
33059	Acidithiobacillus caldus	MTH-04	40.0	Bacteria	Pseudomonadota	Acidithiobacillia	Acidithiobacillales	Acidithiobacillaceae	Acidithiobacillus	
637389	Acidithiobacillus caldus	ATCC 51756	45.0	Bacteria	Pseudomonadota	Acidithiobacillia	Acidithiobacillales	Acidithiobacillaceae	Acidithiobacillus	
1232575	Acidithiobacillus ferridurans	JCM 18981	29.0	Bacteria	Pseudomonadota	Acidithiobacillia	Acidithiobacillales	Acidithiobacillaceae	Acidithiobacillus	
160808	Acidithiobacillus ferrivorans	PQ33	14.5	Bacteria	Pseudomonadota	Acidithiobacillia	Acidithiobacillales	Acidithiobacillaceae	Acidithiobacillus	
160808	Acidithiobacillus ferrivorans	CF27	29.5	Bacteria	Pseudomonadota	Acidithiobacillia	Acidithiobacillales	Acidithiobacillaceae	Acidithiobacillus	
743299	Acidithiobacillus ferrivorans	SS3	22.5	Bacteria	Pseudomonadota	Acidithiobacillia	Acidithiobacillales	Acidithiobacillaceae	Acidithiobacillus	
160808	Acidithiobacillus ferrivorans	YL15	28.0	Bacteria	Pseudomonadota	Acidithiobacillia	Acidithiobacillales	Acidithiobacillaceae	Acidithiobacillus	
920	Acidithiobacillus ferrooxidans	DLC-5	35.0	Bacteria	Pseudomonadota	Acidithiobacillia	Acidithiobacillales	Acidithiobacillaceae	Acidithiobacillus	
920	Acidithiobacillus ferrooxidans	Hel18	30.0	Bacteria	Pseudomonadota	Acidithiobacillia	Acidithiobacillales	Acidithiobacillaceae	Acidithiobacillus	
920	Acidithiobacillus ferrooxidans	RVS1	30.0	Bacteria	Pseudomonadota	Acidithiobacillia	Acidithiobacillales	Acidithiobacillaceae	Acidithiobacillus	
920	Acidithiobacillus ferrooxidans	YQH-1	32.0	Bacteria	Pseudomonadota	Acidithiobacillia	Acidithiobacillales	Acidithiobacillaceae	Acidithiobacillus	
243159	Acidithiobacillus ferrooxidans	ATCC 23270	26.0	Bacteria	Pseudomonadota	Acidithiobacillia	Acidithiobacillales	Acidithiobacillaceae	Acidithiobacillus	
380394	Acidithiobacillus ferrooxidans	ATCC 53993	30.0	Bacteria	Pseudomonadota	Acidithiobacillia	Acidithiobacillales	Acidithiobacillaceae	Acidithiobacillus	
920	Acidithiobacillus ferrooxidans	BY0502	30.0	Bacteria	Pseudomonadota	Acidithiobacillia	Acidithiobacillales	Acidithiobacillaceae	Acidithiobacillus	
920	Acidithiobacillus ferrooxidans	CCM 4253	26.0	Bacteria	Pseudomonadota	Acidithiobacillia	Acidithiobacillales	Acidithiobacillaceae	Acidithiobacillus	
1867749	Acidithiobacillus sp.	CJ-2	26.5	Bacteria	Pseudomonadota	Acidithiobacillia	Acidithiobacillales	Acidithiobacillaceae	Acidithiobacillus	
187490	Acidithiobacillus sp.	SH	30.0	Bacteria	Pseudomonadota	Acidithiobacillia	Acidithiobacillales	Acidithiobacillaceae	Acidithiobacillus	
930	Acidithiobacillus thiooxidans	JYC-17	30.0	Bacteria	Pseudomonadota	Acidithiobacillia	Acidithiobacillales	Acidithiobacillaceae	Acidithiobacillus	
930	Acidithiobacillus thiooxidans	DXS-W	30.0	Bacteria	Pseudomonadota	Acidithiobacillia	Acidithiobacillales	Acidithiobacillaceae	Acidithiobacillus	
930	Acidithiobacillus thiooxidans	DMC	30.0	Bacteria	Pseudomonadota	Acidithiobacillia	Acidithiobacillales	Acidithiobacillaceae	Acidithiobacillus	
930	Acidithiobacillus thiooxidans	CLST	28.0	Bacteria	Pseudomonadota	Acidithiobacillia	Acidithiobacillales	Acidithiobacillaceae	Acidithiobacillus	
930	Acidithiobacillus thiooxidans	BY-02	30.0	Bacteria	Pseudomonadota	Acidithiobacillia	Acidithiobacillales	Acidithiobacillaceae	Acidithiobacillus	
637390	Acidithiobacillus thiooxidans	ATCC 19377	26.0	Bacteria	Pseudomonadota	Acidithiobacillia	Acidithiobacillales	Acidithiobacillaceae	Acidithiobacillus	
930	Acidithiobacillus thiooxidans	A02	30.0	Bacteria	Pseudomonadota	Acidithiobacillia	Acidithiobacillales	Acidithiobacillaceae	Acidithiobacillus	
1432062	Acidithiobacillus thiooxidans	A01	30.0	Bacteria	Pseudomonadota	Acidithiobacillia	Acidithiobacillales	Acidithiobacillaceae	Acidithiobacillus	
930	Acidithiobacillus thiooxidans	GD1-3	30.0	Bacteria	Pseudomonadota	Acidithiobacillia	Acidithiobacillales	Acidithiobacillaceae	Acidithiobacillus	
930	Acidithiobacillus thiooxidans	ZBY	30.0	Bacteria	Pseudomonadota	Acidithiobacillia	Acidithiobacillales	Acidithiobacillaceae	Acidithiobacillus	
930	Acidithiobacillus thiooxidans	Licanantay	30.0	Bacteria	Pseudomonadota	Acidithiobacillia	Acidithiobacillales	Acidithiobacillaceae	Acidithiobacillus	
1280514	Acidithrix ferrooxidans	Py-F3	25.0	Bacteria	Actinomycetota	Acidimicrobiia	Acidimicrobiales	Acidimicrobiaceae	Acidithrix	
240015	Acidobacterium capsulatum	ATCC 51196	31.0	Bacteria	Acidobacteriota	Terriglobia	Terriglobales	Acidobacteriaceae	Acidobacterium	
33998	Acidocella aminolytica	DSM 11237	31.0	Bacteria	Pseudomonadota	Alphaproteobacteria	Rhodospirillales	Acetobacteraceae	Acidocella	
1408419	Acidocella facilis	ATCC 35904	31.0	Bacteria	Pseudomonadota	Alphaproteobacteria	Rhodospirillales	Acetobacteraceae	Acidocella	
1970304	Acidocella sp.	20-63-7	6.29	Bacteria	Pseudomonadota	Alphaproteobacteria	Rhodospirillales	Acetobacteraceae	Acidocella	
1970305	Acidocella sp.	21-58-7	6.29	Bacteria	Pseudomonadota	Alphaproteobacteria	Rhodospirillales	Acetobacteraceae	Acidocella	
1970306	Acidocella sp.	35-58-6	6.29	Bacteria	Pseudomonadota	Alphaproteobacteria	Rhodospirillales	Acetobacteraceae	Acidocella	
437	Acidomonas methanolica	MB58 = DSM 5432 = IMET 10945	33.5	Bacteria	Pseudomonadota	Alphaproteobacteria	Rhodospirillales	Acetobacteraceae	Acidomonas	
351607	Acidothermus cellulolyticus	11B	55.0	Bacteria	Actinomycetota	Actinomycetes	Acidothermales	Acidothermaceae	Acidothermus	
1970312	Acidovorax sp.	35-64-16	6.29	Bacteria	Pseudomonadota	Betaproteobacteria	Burkholderiales	Comamonadaceae	Acidovorax	
1970311	Acidovorax sp.	32-64-7	6.29	Bacteria	Pseudomonadota	Betaproteobacteria	Burkholderiales	Comamonadaceae	Acidovorax	
1970310	Acidovorax sp.	28-64-14	6.29	Bacteria	Pseudomonadota	Betaproteobacteria	Burkholderiales	Comamonadaceae	Acidovorax	
1970309	Acidovorax sp.	24-64-9	6.29	Bacteria	Pseudomonadota	Betaproteobacteria	Burkholderiales	Comamonadaceae	Acidovorax	
1970308	Acidovorax sp.	17-64-282	6.29	Bacteria	Pseudomonadota	Betaproteobacteria	Burkholderiales	Comamonadaceae	Acidovorax	
1970307	Acidovorax sp.	16-64-162	6.29	Bacteria	Pseudomonadota	Betaproteobacteria	Burkholderiales	Comamonadaceae	Acidovorax	
1970313	Acidovorax sp.	39-64-12	6.29	Bacteria	Pseudomonadota	Betaproteobacteria	Burkholderiales	Comamonadaceae	Acidovorax	
439481	Aciduliprofundum boonei	T469	70.0	Archaea	Candidatus Thermoplasmatota				Aciduliprofundum	
1970489	Actinobacteria bacterium	21-73-9	6.29	Bacteria	Actinomycetota					
1970488	Actinobacteria bacterium	21-64-8	6.29	Bacteria	Actinomycetota					
304899	Actinospica acidiphila	NRRL B-24431	28.0	Bacteria	Actinomycetota	Actinomycetes	Catenulisporales	Actinospicaceae	Actinospica	
1255277	Alicyclobacillus acidiphilus	NBRC 100859	50.0	Bacteria	Bacillota	Bacilli	Bacillales	Alicyclobacillaceae	Alicyclobacillus	
405212	Alicyclobacillus acidocaldarius	Tc-4-1	70.0	Bacteria	Bacillota	Bacilli	Bacillales	Alicyclobacillaceae	Alicyclobacillus	
405212	Alicyclobacillus acidocaldarius	104-IA = DSM 446	65.0	Bacteria	Bacillota	Bacilli	Bacillales	Alicyclobacillaceae	Alicyclobacillus	
1356854	Alicyclobacillus acidoterrestris	ATCC 49025	47.5	Bacteria	Bacillota	Bacilli	Bacillales	Alicyclobacillaceae	Alicyclobacillus	
1120971	Alicyclobacillus contaminans	DSM 17975	52.5	Bacteria	Bacillota	Bacilli	Bacillales	Alicyclobacillaceae	Alicyclobacillus	
471514	Alicyclobacillus ferrooxydans	TC-34	28.0	Bacteria	Bacillota	Bacilli	Bacillales	Alicyclobacillaceae	Alicyclobacillus	
1120972	Alicyclobacillus herbarius	DSM 13609	57.5	Bacteria	Bacillota	Bacilli	Bacillales	Alicyclobacillaceae	Alicyclobacillus	
89784	Alicyclobacillus hesperidum	DSM 12489	50.0	Bacteria	Bacillota	Bacilli	Bacillales	Alicyclobacillaceae	Alicyclobacillus	
1200346	Alicyclobacillus hesperidum	URH17-3-68	52.5	Bacteria	Bacillota	Bacilli	Bacillales	Alicyclobacillaceae	Alicyclobacillus	
392012	Alicyclobacillus kakegawensis	5-A83J	52.5	Bacteria	Bacillota	Bacilli	Bacillales	Alicyclobacillaceae	Alicyclobacillus	
392015	Alicyclobacillus macrosporangiidus	DSM 17980	52.5	Bacteria	Bacillota	Bacilli	Bacillales	Alicyclobacillaceae	Alicyclobacillus	
1314748	Alicyclobacillus mali	NBRC 102425	63.0	Bacteria	Bacillota	Bacilli	Bacillales	Alicyclobacillaceae	Alicyclobacillus	
1830138	Alicyclobacillus montanus	USBA-503 = USBA-GBX-503	45.0	Bacteria	Bacillota	Bacilli	Bacillales	Alicyclobacillaceae	Alicyclobacillus	
1111479	Alicyclobacillus pomorum	DSM 14955	47.5	Bacteria	Bacillota	Bacilli	Bacillales	Alicyclobacillaceae	Alicyclobacillus	
392010	Alicyclobacillus sacchari	DSM 17974	47.5	Bacteria	Bacillota	Bacilli	Bacillales	Alicyclobacillaceae	Alicyclobacillus	
392014	Alicyclobacillus shizuokensis	4-A336	47.5	Bacteria	Bacillota	Bacilli	Bacillales	Alicyclobacillaceae	Alicyclobacillus	
368812	Alicyclobacillus tengchongensis	CGMCC 1504	45.0	Bacteria	Bacillota	Bacilli	Bacillales	Alicyclobacillaceae	Alicyclobacillus	
252246	Alicyclobacillus vulcanalis	DSM 16176	55.0	Bacteria	Bacillota	Bacilli	Bacillales	Alicyclobacillaceae	Alicyclobacillus	
91915	Asaia bogorensis	NBRC 16594 = JCM 10569	30.0	Bacteria	Pseudomonadota	Alphaproteobacteria	Rhodospirillales	Acetobacteraceae	Asaia	
863522	Bryocella elongata	DSM 22489 = SN10	22.0	Bacteria	Acidobacteriota	Terriglobia	Terriglobales	Acidobacteriaceae	Bryocella	
1469502	Burkholderiales bacterium	GJ-E10	31.0	Bacteria	Pseudomonadota	Betaproteobacteria	Burkholderiales			
1056495	Caldisphaera lagunensis	DSM 15908	72.5	Archaea	Thermoproteota	Thermoprotei	Acidilobales	Caldisphaeraceae	Caldisphaera	
76887	Caldivirga maquilingensis	IC- 167	85.0	Archaea	Thermoproteota	Thermoprotei	Thermoproteales	Thermoproteaceae	Caldivirga	
1714255	Caldivirga sp.	CIS_19	78.0	Archaea	Thermoproteota	Thermoprotei	Thermoproteales	Thermoproteaceae	Caldivirga	
1714256	Caldivirga sp.	MG_3	80.0	Archaea	Thermoproteota	Thermoprotei	Thermoproteales	Thermoproteaceae	Caldivirga	
1157962	Chlamydomonas eustigma	NIES-2499	20.0	Eukaryota	Chlorophyta	Chlorophyceae	Chlamydomonadales	Chlamydomonadaceae	Chlamydomonas	
1673428	Cuniculiplasma divulgatum	JCM 30642	38.5	Archaea	Candidatus Thermoplasmatota	Thermoplasmata	Thermoplasmatales	Cuniculiplasmataceae	Cuniculiplasma	
1673428	Cuniculiplasma divulgatum	JCM 30641	38.5	Archaea	Candidatus Thermoplasmatota	Thermoplasmata	Thermoplasmatales	Cuniculiplasmataceae	Cuniculiplasma	
1961135	Cuniculiplasma sp.	C_DKE	22.0	Archaea	Candidatus Thermoplasmatota	Thermoplasmata	Thermoplasmatales	Cuniculiplasmataceae	Cuniculiplasma	
45157	Cyanidioschyzon merolae	10D	45.0	Eukaryota	Rhodophyta	Bangiophyceae	Cyanidiales	Cyanidiaceae	Cyanidioschyzon	
2043169	Desulfosporosinus infrequens	SbF1	14.0	Bacteria	Bacillota	Clostridia	Eubacteriales	Desulfitobacteriaceae	Desulfosporosinus	
2560027	Desulfosporosinus sp.	Sb-LF	15.44	Bacteria	Bacillota	Clostridia	Eubacteriales	Desulfitobacteriaceae	Desulfosporosinus	
1633135	Desulfosporosinus sp.	BG	28.0	Bacteria	Bacillota	Clostridia	Eubacteriales	Desulfitobacteriaceae	Desulfosporosinus	
1121877	Ferrimicrobium acidiphilum	DSM 19497	35.0	Bacteria	Actinomycetota	Acidimicrobiia	Acidimicrobiales	Acidimicrobiaceae	Ferrimicrobium	
1121881	Ferrithrix thermotolerans	DSM 19514	43.0	Bacteria	Actinomycetota	Acidimicrobiia	Acidimicrobiales	Acidimicrobiaceae	Ferrithrix	
97393	Ferroplasma acidarmanus	fer1	42.0	Archaea	Candidatus Thermoplasmatota	Thermoplasmata	Thermoplasmatales	Ferroplasmaceae	Ferroplasma	
74969	Ferroplasma acidiphilum	Y	35.5	Archaea	Candidatus Thermoplasmatota	Thermoplasmata	Thermoplasmatales	Ferroplasmaceae	Ferroplasma	
416213	Ferrovum myxofaciens	PN-J185	20.0	Bacteria	Pseudomonadota	Betaproteobacteria	Ferrovales	Ferrovaceae	Ferrovum	
416213	Ferrovum myxofaciens	P3G	32.0	Bacteria	Pseudomonadota	Betaproteobacteria	Ferrovales	Ferrovaceae	Ferrovum	
1789004	Ferrovum sp.	Z-31 = Zulauf-31	20.0	Bacteria	Pseudomonadota	Betaproteobacteria	Ferrovales	Ferrovaceae	Ferrovum	
1356299	Ferrovum sp.	JA12	28.0	Bacteria	Pseudomonadota	Betaproteobacteria	Ferrovales	Ferrovaceae	Ferrovum	
130081	Galdieria sulphuraria	074W	37.0	Eukaryota	Rhodophyta	Bangiophyceae	Galdieriales	Galdieriaceae	Galdieria	
130081	Galdieria sulphuraria	107.79	37.0	Eukaryota	Rhodophyta	Bangiophyceae	Galdieriales	Galdieriaceae	Galdieria	
1796491	Gallionella acididurans (Candidatus)	ShG14-8	6.5	Bacteria	Pseudomonadota	Betaproteobacteria	Nitrosomonadales	Gallionellaceae	Gallionella	
108528	Gluconacetobacter entanii	LTH 4560	30.0	Bacteria	Pseudomonadota	Alphaproteobacteria	Rhodospirillales	Acetobacteraceae	Gluconacetobacter	
682795	Granulicella mallensis	MP5ACTX8	25.5	Bacteria	Acidobacteriota	Terriglobia	Terriglobales	Acidobacteriaceae	Granulicella	
474950	Granulicella pectinivorans	DSM 21001	20.0	Bacteria	Acidobacteriota	Terriglobia	Terriglobales	Acidobacteriaceae	Granulicella	
474952	Granulicella rosea	DSM 18704	20.0	Bacteria	Acidobacteriota	Terriglobia	Terriglobales	Acidobacteriaceae	Granulicella	
1198114	Granulicella tundricola	MP5ACTX9	22.5	Bacteria	Acidobacteriota	Terriglobia	Terriglobales	Acidobacteriaceae	Granulicella	
547143	Hydrogenobaculum sp.	3684	65.0	Bacteria	Aquificota	Aquificae	Aquificales	Aquificaceae	Hydrogenobaculum	
547144	Hydrogenobaculum sp.	HO	65.0	Bacteria	Aquificota	Aquificae	Aquificales	Aquificaceae	Hydrogenobaculum	
547145	Hydrogenobaculum sp.	SHO	65.0	Bacteria	Aquificota	Aquificae	Aquificales	Aquificaceae	Hydrogenobaculum	
547146	Hydrogenobaculum sp.	SN	65.0	Bacteria	Aquificota	Aquificae	Aquificales	Aquificaceae	Hydrogenobaculum	
547149	Hydrogenobaculum sp.	Y04AAS1	65.0	Eukaryota	Chordata	Actinopteri		Sciaenidae	Micropogonias	
153496	Kozakia baliensis	DSM 14400	30.0	Bacteria	Pseudomonadota	Alphaproteobacteria	Rhodospirillales	Acetobacteraceae	Kozakia	
562970	Kyrpidia tusciae	DSM 2912	55.0	Bacteria	Bacillota	Bacilli	Bacillales	Alicyclobacillaceae	Kyrpidia	
178606	Leptospirillum ferriphilum	DSM 14647	37.0	Bacteria	Nitrospirota	Nitrospiria	Nitrospirales	Nitrospiraceae	Leptospirillum	
178606	Leptospirillum ferriphilum	DX	40.0	Bacteria	Nitrospirota	Nitrospiria	Nitrospirales	Nitrospiraceae	Leptospirillum	
1048260	Leptospirillum ferriphilum	ML-04	40.0	Bacteria	Nitrospirota	Nitrospiria	Nitrospirales	Nitrospiraceae	Leptospirillum	
178606	Leptospirillum ferriphilum	pb_238	33.5	Bacteria	Nitrospirota	Nitrospiria	Nitrospirales	Nitrospiraceae	Leptospirillum	
178606	Leptospirillum ferriphilum	Sp-Cl	33.5	Bacteria	Nitrospirota	Nitrospiria	Nitrospirales	Nitrospiraceae	Leptospirillum	
1441628	Leptospirillum ferriphilum	YSK	40.0	Bacteria	Nitrospirota	Nitrospiria	Nitrospirales	Nitrospiraceae	Leptospirillum	
178606	Leptospirillum ferriphilum	ZJ	40.0	Bacteria	Nitrospirota	Nitrospiria	Nitrospirales	Nitrospiraceae	Leptospirillum	
412449	Leptospirillum ferrodiazotrophum	UBA3	39.5	Bacteria	Nitrospirota	Nitrospiria	Nitrospirales	Nitrospiraceae	Leptospirillum	
1162668	Leptospirillum ferrooxidans	C2-3	30.0	Bacteria	Nitrospirota	Nitrospiria	Nitrospirales	Nitrospiraceae	Leptospirillum	
419542	Leptospirillum rubarum	UBA	41.0	Bacteria	Nitrospirota	Nitrospiria	Nitrospirales	Nitrospiraceae	Leptospirillum	
1502095	Leptospirillum sp.	YQP-1	20.0	Bacteria	Nitrospirota	Nitrospiria	Nitrospirales	Nitrospiraceae	Leptospirillum	
1260983	Leptospirillum sp.	Group IV 'UBA BS'	40.0	Bacteria	Nitrospirota	Nitrospiria	Nitrospirales	Nitrospiraceae	Leptospirillum	
1660083	Leptospirillum sp.	Group II CF-1	40.0	Bacteria	Nitrospirota	Nitrospiria	Nitrospirales	Nitrospiraceae	Leptospirillum	
1920749	Mancarchaeum acidiphilum (Candidatus)	Mia14	37.0	Archaea	Candidatus Micrarchaeota				Candidatus Mancarchaeum	
1978153	Marsarchaeota archaeon G1 (Candidatus)	OSP_B	73.0	Archaea	Candidatus Marsarchaeota					
1978156	Marsarchaeota archaeon G1 (Candidatus)	BE_D	66.0	Archaea	Candidatus Marsarchaeota					
1978155	Marsarchaeota archaeon G1 (Candidatus)	OSP_D	57.0	Archaea	Candidatus Marsarchaeota					
1978154	Marsarchaeota archaeon G1 (Candidatus)	OSP_C	65.0	Archaea	Candidatus Marsarchaeota					
1978164	Marsarchaeota archaeon G2 (Candidatus)	ECH_B_SAG-E12	66.0	Archaea	Candidatus Marsarchaeota					
1978167	Marsarchaeota archaeon G2 (Candidatus)	ECH_B_SAG-G16	66.0	Archaea	Candidatus Marsarchaeota					
1978165	Marsarchaeota archaeon G2 (Candidatus)	ECH_B_SAG-F08	66.0	Archaea	Candidatus Marsarchaeota					
1978161	Marsarchaeota archaeon G2 (Candidatus)	ECH_B_3	66.0	Archaea	Candidatus Marsarchaeota					
1978163	Marsarchaeota archaeon G2 (Candidatus)	ECH_B_SAG-C16	66.0	Archaea	Candidatus Marsarchaeota					
1978160	Marsarchaeota archaeon G2 (Candidatus)	ECH_B_2	66.0	Archaea	Candidatus Marsarchaeota					
1978159	Marsarchaeota archaeon G2 (Candidatus)	ECH_B_1	66.0	Archaea	Candidatus Marsarchaeota					
1978157	Marsarchaeota archaeon G2 (Candidatus)	OSP_D	57.0	Archaea	Candidatus Marsarchaeota					
1978158	Marsarchaeota archaeon G2 (Candidatus)	BE_D	66.0	Archaea	Candidatus Marsarchaeota					
1978166	Marsarchaeota archaeon G2 (Candidatus)	ECH_B_SAG-G06	66.0	Archaea	Candidatus Marsarchaeota					
1978162	Marsarchaeota archaeon G2 (Candidatus)	ECH_B_SAG-M15	66.0	Archaea	Candidatus Marsarchaeota					
1006006	Metallosphaera cuprina	Ar-4	65.0	Archaea	Thermoproteota	Thermoprotei	Sulfolobales	Sulfolobaceae	Metallosphaera	
79601	Metallosphaera hakonensis	JCM 8857	70.0	Archaea	Thermoproteota	Thermoprotei	Sulfolobales	Sulfolobaceae	Metallosphaera	
47304	Metallosphaera prunae	Ron 12/II	75.0	Archaea	Thermoproteota	Thermoprotei	Sulfolobales	Sulfolobaceae	Metallosphaera	
43687	Metallosphaera sedula	CuR1	75.0	Archaea	Thermoproteota	Thermoprotei	Sulfolobales	Sulfolobaceae	Metallosphaera	
43687	Metallosphaera sedula	SARC-M1	75.0	Archaea	Thermoproteota	Thermoprotei	Sulfolobales	Sulfolobaceae	Metallosphaera	
399549	Metallosphaera sedula	DSM 5348	70.0	Archaea	Thermoproteota	Thermoprotei	Sulfolobales	Sulfolobaceae	Metallosphaera	
43687	Metallosphaera sedula	ARS50-2	75.0	Archaea	Thermoproteota	Thermoprotei	Sulfolobales	Sulfolobaceae	Metallosphaera	
43687	Metallosphaera sedula	ARS50-1	75.0	Archaea	Thermoproteota	Thermoprotei	Sulfolobales	Sulfolobaceae	Metallosphaera	
671065	Metallosphaera yellowstonensis	MK1	67.5	Archaea	Thermoproteota	Thermoprotei	Sulfolobales	Sulfolobaceae	Metallosphaera	
1041766	Methylacidimicrobium cyclopophantes	3B	44.0	Bacteria	Verrucomicrobiota				Methylacidimicrobium	
1041768	Methylacidimicrobium tartarophylax	4A	38.0	Bacteria	Verrucomicrobiota				Methylacidimicrobium	
591154	Methylacidiphilum fumariolicum	Fur	55.0	Bacteria	Verrucomicrobiota	Methylacidiphilae	Methylacidiphilales	Methylacidiphilaceae	Methylacidiphilum	
591154	Methylacidiphilum fumariolicum	Rib	55.0	Bacteria	Verrucomicrobiota	Methylacidiphilae	Methylacidiphilales	Methylacidiphilaceae	Methylacidiphilum	
591154	Methylacidiphilum fumariolicum	Ice	55.0	Bacteria	Verrucomicrobiota	Methylacidiphilae	Methylacidiphilales	Methylacidiphilaceae	Methylacidiphilum	
591154	Methylacidiphilum fumariolicum	Fdl	55.0	Bacteria	Verrucomicrobiota	Methylacidiphilae	Methylacidiphilales	Methylacidiphilaceae	Methylacidiphilum	
1156937	Methylacidiphilum fumariolicum	SolV	55.0	Bacteria	Verrucomicrobiota	Methylacidiphilae	Methylacidiphilales	Methylacidiphilaceae	Methylacidiphilum	
481448	Methylacidiphilum infernorum	V4	60.0	Bacteria	Verrucomicrobiota	Methylacidiphilae	Methylacidiphilales	Methylacidiphilaceae	Methylacidiphilum	
1202785	Methylacidiphilum kamchatkense	Kam1	55.0	Bacteria	Verrucomicrobiota	Methylacidiphilae	Methylacidiphilales	Methylacidiphilaceae	Methylacidiphilum	
1847730	Methylacidiphilum sp.	Yel	55.0	Bacteria	Verrucomicrobiota	Methylacidiphilae	Methylacidiphilales	Methylacidiphilaceae	Methylacidiphilum	
1847729	Methylacidiphilum sp.	Phi	55.0	Bacteria	Verrucomicrobiota	Methylacidiphilae	Methylacidiphilales	Methylacidiphilaceae	Methylacidiphilum	
876269	Methyloferula stellata	AR4	21.5	Bacteria	Pseudomonadota	Alphaproteobacteria	Hyphomicrobiales	Beijerinckiaceae	Methyloferula	
569860	Methylovirgula ligni	BW863	22.0	Bacteria	Pseudomonadota	Alphaproteobacteria	Hyphomicrobiales	Beijerinckiaceae	Methylovirgula	
425595	Micrarchaeum acidiphilum (Candidatus)	ARMAN-2	38.0	Archaea	Candidatus Micrarchaeota	Candidatus Micrarchaeia	Candidatus Micrarchaeales	Candidatus Micrarchaeaceae	Candidatus Micrarchaeum	
1078905	Nitrosotalea devanaterra (Candidatus)	Nd1	25.0	Archaea	Nitrososphaerota				Candidatus Nitrosotalea	
1903276	Nitrosotalea okcheonensis	CS	25.0	Archaea	Nitrososphaerota				Candidatus Nitrosotalea	
1002691	Occallatibacter savannae	AB23	34.5	Bacteria	Acidobacteriota	Terriglobia	Terriglobales	Acidobacteriaceae	Occallatibacter	
1552760	Parvarchaeum acidiphilum (Candidatus)	ARMAN-4	41.0	Bacteria	Pseudomonadota	Gammaproteobacteria	Enterobacterales	Yersiniaceae	Serratia	
994838	Parvarchaeum acidophilus (Candidatus)	ARMAN-5	38.0	Archaea	Candidatus Parvarchaeota				Candidatus Parvarchaeum	
999898	Peptococcaceae bacterium	CEB3	30.0	Bacteria	Bacillota	Clostridia	Eubacteriales	Peptococcaceae		
1122961	Picrophilus oshimae	DSM 9789	60.0	Archaea	Candidatus Thermoplasmatota	Thermoplasmata	Thermoplasmatales	Picrophilaceae	Picrophilus	
263820	Picrophilus torridus	DSM 9790	60.0	Archaea	Candidatus Thermoplasmatota	Thermoplasmata	Thermoplasmatales	Picrophilaceae	Picrophilus	
1273541	Pyrodictium delaneyi	Su06	91.0	Archaea	Thermoproteota	Thermoprotei	Desulfurococcales	Pyrodictiaceae	Pyrodictium	
1623218	Rhodanobacter aciditrophussjH1	nan	27.5	Bacteria	Pseudomonadota	Gammaproteobacteria	Xanthomonadales	Rhodanobacteraceae	Rhodanobacter	
1525219	Rhodanobacter sp.	FW510-R12	22.5	Bacteria	Pseudomonadota	Gammaproteobacteria	Xanthomonadales	Rhodanobacteraceae	Rhodanobacter	
1524463	Rhodanobacter sp.	FW501-T8	22.5	Bacteria	Pseudomonadota	Gammaproteobacteria	Xanthomonadales	Rhodanobacteraceae	Rhodanobacter	
1076524	Rhodanobacter sp.	OR92	27.0	Bacteria	Pseudomonadota	Gammaproteobacteria	Xanthomonadales	Rhodanobacteraceae	Rhodanobacter	
1076523	Rhodanobacter sp.	OR87	27.0	Bacteria	Pseudomonadota	Gammaproteobacteria	Xanthomonadales	Rhodanobacteraceae	Rhodanobacter	
1524462	Rhodanobacter sp.	FW510-R10	22.5	Bacteria	Pseudomonadota	Gammaproteobacteria	Xanthomonadales	Rhodanobacteraceae	Rhodanobacter	
1071	Rhodopila globiformis	DSM 161	25.0	Bacteria	Pseudomonadota	Alphaproteobacteria	Rhodospirillales	Acetobacteraceae	Rhodopila	
1855337	Rhodoplanes sp.	JGI PP 4-K5	23.0	Bacteria	Pseudomonadota	Alphaproteobacteria	Hyphomicrobiales	Hyphomicrobiaceae	Rhodoplanes	
1873883	Rhodoplanes sp.	JGI PP 4-B12	23.0	Bacteria	Pseudomonadota	Alphaproteobacteria	Hyphomicrobiales	Hyphomicrobiaceae	Rhodoplanes	
1873885	Rhodoplanes sp.	JGI PP 4-N16	23.0	Bacteria	Pseudomonadota	Alphaproteobacteria	Hyphomicrobiales	Hyphomicrobiaceae	Rhodoplanes	
2287	Saccharolobus solfataricus	SULA	80.0	Archaea	Thermoproteota	Thermoprotei	Sulfolobales	Sulfolobaceae	Saccharolobus	
2287	Saccharolobus solfataricus	SARC-H	80.0	Archaea	Thermoproteota	Thermoprotei	Sulfolobales	Sulfolobaceae	Saccharolobus	
2287	Saccharolobus solfataricus	SARC-N	80.0	Archaea	Thermoproteota	Thermoprotei	Sulfolobales	Sulfolobaceae	Saccharolobus	
555311	Saccharolobus solfataricus	98/2 SULC	80.0	Archaea	Thermoproteota	Thermoprotei	Sulfolobales	Sulfolobaceae	Saccharolobus	
2287	Saccharolobus solfataricus	98/2	80.0	Archaea	Thermoproteota	Thermoprotei	Sulfolobales	Sulfolobaceae	Saccharolobus	
2287	Saccharolobus solfataricus	SUL120	80.0	Archaea	Thermoproteota	Thermoprotei	Sulfolobales	Sulfolobaceae	Saccharolobus	
2287	Saccharolobus solfataricus	SARC-I	80.0	Archaea	Thermoproteota	Thermoprotei	Sulfolobales	Sulfolobaceae	Saccharolobus	
2287	Saccharolobus solfataricus	SULM	80.0	Archaea	Thermoproteota	Thermoprotei	Sulfolobales	Sulfolobaceae	Saccharolobus	
2287	Saccharolobus solfataricus	SULG	80.0	Archaea	Thermoproteota	Thermoprotei	Sulfolobales	Sulfolobaceae	Saccharolobus	
2287	Saccharolobus solfataricus	SARC-O	80.0	Archaea	Thermoproteota	Thermoprotei	Sulfolobales	Sulfolobaceae	Saccharolobus	
2287	Saccharolobus solfataricus	P1	78.0	Archaea	Thermoproteota	Thermoprotei	Sulfolobales	Sulfolobaceae	Saccharolobus	
273057	Saccharolobus solfataricus	P2	78.0	Archaea	Thermoproteota	Thermoprotei	Sulfolobales	Sulfolobaceae	Saccharolobus	
2287	Saccharolobus solfataricus	SULB	80.0	Archaea	Thermoproteota	Thermoprotei	Sulfolobales	Sulfolobaceae	Saccharolobus	
1577686	Silvibacterium bohemicum	S15	23.0	Bacteria	Acidobacteriota	Terriglobia	Terriglobales	Acidobacteriaceae	Silvibacterium	
1970599	Sphingomonadales bacterium	39-62-4	4.2	Bacteria	Pseudomonadota	Alphaproteobacteria	Sphingomonadales			
1970597	Sphingomonadales bacterium	35-56-22	4.2	Bacteria	Pseudomonadota	Alphaproteobacteria	Sphingomonadales			
1970598	Sphingomonadales bacterium	39-57-19	4.2	Bacteria	Pseudomonadota	Alphaproteobacteria	Sphingomonadales			
1970437	Sphingomonas sp.	32-66-10	15.27	Bacteria	Pseudomonadota	Alphaproteobacteria	Sphingomonadales	Sphingomonadaceae	Sphingomonas	
1970434	Sphingomonas sp.	28-63-12	4.2	Bacteria	Pseudomonadota	Alphaproteobacteria	Sphingomonadales	Sphingomonadaceae	Sphingomonas	
1970433	Sphingomonas sp.	28-62-20	4.2	Bacteria	Pseudomonadota	Alphaproteobacteria	Sphingomonadales	Sphingomonadaceae	Sphingomonas	
1970435	Sphingomonas sp.	28-66-16	4.2	Bacteria	Pseudomonadota	Alphaproteobacteria	Sphingomonadales	Sphingomonadaceae	Sphingomonas	
1970436	Sphingomonas sp.	32-62-10	4.2	Bacteria	Pseudomonadota	Alphaproteobacteria	Sphingomonadales	Sphingomonadaceae	Sphingomonas	
1970431	Sphingomonas sp.	12-62-6	4.2	Bacteria	Pseudomonadota	Alphaproteobacteria	Sphingomonadales	Sphingomonadaceae	Sphingomonas	
1970432	Sphingomonas sp.	28-62-11	4.2	Bacteria	Pseudomonadota	Alphaproteobacteria	Sphingomonadales	Sphingomonadaceae	Sphingomonas	
1970438	Stenotrophomonas sp.	14-69-23	15.27	Bacteria	Pseudomonadota	Gammaproteobacteria	Xanthomonadales	Xanthomonadaceae	Stenotrophomonas	
1449352	Streptacidiphilus albus	JL83	17.5	Bacteria	Actinomycetota	Actinomycetes	Kitasatosporales	Streptomycetaceae	Streptacidiphilus	
105422	Streptacidiphilus carbonis	NBRC 100919	22.5	Bacteria	Actinomycetota	Actinomycetes	Kitasatosporales	Streptomycetaceae	Streptacidiphilus	
235985	Streptacidiphilus jiangxiensis	NBRC 100920	25.0	Bacteria	Actinomycetota	Actinomycetes	Kitasatosporales	Streptomycetaceae	Streptacidiphilus	
105420	Streptacidiphilus neutrinimicus	NBRC 100921	17.5	Bacteria	Actinomycetota	Actinomycetes	Kitasatosporales	Streptomycetaceae	Streptacidiphilus	
1449353	Streptacidiphilus oryzae	TH49 = 107.79	31.5	Bacteria	Actinomycetota	Actinomycetes	Kitasatosporales	Streptomycetaceae	Phaeacidiphilus	
164348	Streptomyces puniciscabiei	TW1S1	30.0	Bacteria	Actinomycetota	Actinomycetes	Kitasatosporales	Streptomycetaceae	Streptomyces	
53633	Sulfobacillus acidophilus	DSM 10332 = NAL	48.0	Bacteria	Bacillota	Clostridia	Eubacteriales	Clostridiales Family XVII. Incertae Sedis	Sulfobacillus	
1051632	Sulfobacillus acidophilus	TPY	48.0	Bacteria	Bacillota	Clostridia	Eubacteriales	Clostridiales Family XVII. Incertae Sedis	Sulfobacillus	
53633	Sulfobacillus acidophilus	AMDSBA3	38.0	Bacteria	Bacillota	Clostridia	Eubacteriales	Clostridiales Family XVII. Incertae Sedis	Sulfobacillus	
453960	Sulfobacillus benefaciens	AMDSBA4	38.0	Bacteria	Bacillota	Clostridia	Eubacteriales	Clostridiales Family XVII. Incertae Sedis	Sulfobacillus	
453960	Sulfobacillus benefaciens	AMDSBA1	38.0	Bacteria	Bacillota	Clostridia	Eubacteriales	Clostridiales Family XVII. Incertae Sedis	Sulfobacillus	
28034	Sulfobacillus thermosulfidooxidans	CBAR13	41.0	Bacteria	Bacillota	Clostridia	Eubacteriales	Clostridiales Family XVII. Incertae Sedis	Sulfobacillus	
28034	Sulfobacillus thermosulfidooxidans	AMDSBA2	38.0	Bacteria	Bacillota	Clostridia	Eubacteriales	Clostridiales Family XVII. Incertae Sedis	Sulfobacillus	
28034	Sulfobacillus thermosulfidooxidans	AMDSBA5	38.0	Bacteria	Bacillota	Clostridia	Eubacteriales	Clostridiales Family XVII. Incertae Sedis	Sulfobacillus	
28034	Sulfobacillus thermosulfidooxidans	AT-1 = DSM 9293	51.0	Bacteria	Bacillota	Clostridia	Eubacteriales	Clostridiales Family XVII. Incertae Sedis	Sulfobacillus	
28034	Sulfobacillus thermosulfidooxidans	Cutipay	45.0	Bacteria	Bacillota	Clostridia	Eubacteriales	Clostridiales Family XVII. Incertae Sedis	Sulfobacillus	
28034	Sulfobacillus thermosulfidooxidans	DX	45.0	Bacteria	Bacillota	Clostridia	Eubacteriales	Clostridiales Family XVII. Incertae Sedis	Sulfobacillus	
1366420	Sulfobacillus thermosulfidooxidans	ST	45.0	Bacteria	Bacillota	Clostridia	Eubacteriales	Clostridiales Family XVII. Incertae Sedis	Sulfobacillus	
28034	Sulfobacillus thermosulfidooxidans	ZBY	45.0	Bacteria	Bacillota	Clostridia	Eubacteriales	Clostridiales Family XVII. Incertae Sedis	Sulfobacillus	
28034	Sulfobacillus thermosulfidooxidans	ZJ	45.0	Bacteria	Bacillota	Clostridia	Eubacteriales	Clostridiales Family XVII. Incertae Sedis	Sulfobacillus	
1326980	Sulfolobales archaeon	AZ1	65.0	Archaea	Thermoproteota	Thermoprotei	Sulfolobales	Sulfolobaceae	Candidatus Aramenus	
1126828	Sulfolobales MK5	MK5 r01	70.0	Archaea	Thermoproteota	Thermoprotei	Sulfolobales			
2285	Sulfolobus acidocaldarius	GG12-C01-21	80.4	Archaea	Thermoproteota	Thermoprotei	Sulfolobales	Sulfolobaceae	Sulfolobus	
2285	Sulfolobus acidocaldarius	NG05B_CO5_09	58.2	Archaea	Thermoproteota	Thermoprotei	Sulfolobales	Sulfolobaceae	Sulfolobus	
2285	Sulfolobus acidocaldarius	DG1 = ATCC 49426	75.0	Archaea	Thermoproteota	Thermoprotei	Sulfolobales	Sulfolobaceae	Sulfolobus	
330779	Sulfolobus acidocaldarius	DSM 639	70.0	Archaea	Thermoproteota	Thermoprotei	Sulfolobales	Sulfolobaceae	Sulfolobus	
2285	Sulfolobus acidocaldarius	GG12-C01-01	80.4	Archaea	Thermoproteota	Thermoprotei	Sulfolobales	Sulfolobaceae	Sulfolobus	
2285	Sulfolobus acidocaldarius	GG12-C01-02	80.4	Archaea	Thermoproteota	Thermoprotei	Sulfolobales	Sulfolobaceae	Sulfolobus	
2285	Sulfolobus acidocaldarius	GG12-C01-03	80.4	Archaea	Thermoproteota	Thermoprotei	Sulfolobales	Sulfolobaceae	Sulfolobus	
2285	Sulfolobus acidocaldarius	GG12-C01-04	80.4	Archaea	Thermoproteota	Thermoprotei	Sulfolobales	Sulfolobaceae	Sulfolobus	
2285	Sulfolobus acidocaldarius	GG12-C01-05	80.4	Archaea	Thermoproteota	Thermoprotei	Sulfolobales	Sulfolobaceae	Sulfolobus	
2285	Sulfolobus acidocaldarius	GG12-C01-07	80.4	Archaea	Thermoproteota	Thermoprotei	Sulfolobales	Sulfolobaceae	Sulfolobus	
2285	Sulfolobus acidocaldarius	GG12-C01-08	80.4	Archaea	Thermoproteota	Thermoprotei	Sulfolobales	Sulfolobaceae	Sulfolobus	
2285	Sulfolobus acidocaldarius	GG12-C01-09	80.4	Archaea	Thermoproteota	Thermoprotei	Sulfolobales	Sulfolobaceae	Sulfolobus	
2285	Sulfolobus acidocaldarius	GG12-C01-10	80.4	Archaea	Thermoproteota	Thermoprotei	Sulfolobales	Sulfolobaceae	Sulfolobus	
2285	Sulfolobus acidocaldarius	GG12-C01-11	80.4	Archaea	Thermoproteota	Thermoprotei	Sulfolobales	Sulfolobaceae	Sulfolobus	
2285	Sulfolobus acidocaldarius	GG12-C01-12	80.4	Archaea	Thermoproteota	Thermoprotei	Sulfolobales	Sulfolobaceae	Sulfolobus	
2285	Sulfolobus acidocaldarius	GG12-C01-13	80.4	Archaea	Thermoproteota	Thermoprotei	Sulfolobales	Sulfolobaceae	Sulfolobus	
2285	Sulfolobus acidocaldarius	GG12-C01-14	80.4	Archaea	Thermoproteota	Thermoprotei	Sulfolobales	Sulfolobaceae	Sulfolobus	
2285	Sulfolobus acidocaldarius	GG12-C01-15	80.4	Archaea	Thermoproteota	Thermoprotei	Sulfolobales	Sulfolobaceae	Sulfolobus	
2285	Sulfolobus acidocaldarius	GG12-C01-16	80.4	Archaea	Thermoproteota	Thermoprotei	Sulfolobales	Sulfolobaceae	Sulfolobus	
2285	Sulfolobus acidocaldarius	GG12-C01-17	80.4	Archaea	Thermoproteota	Thermoprotei	Sulfolobales	Sulfolobaceae	Sulfolobus	
2285	Sulfolobus acidocaldarius	GG12-C01-18	80.4	Archaea	Thermoproteota	Thermoprotei	Sulfolobales	Sulfolobaceae	Sulfolobus	
2285	Sulfolobus acidocaldarius	GG12-C01-20	80.4	Archaea	Thermoproteota	Thermoprotei	Sulfolobales	Sulfolobaceae	Sulfolobus	
2285	Sulfolobus acidocaldarius	GG12-C01-22	80.4	Archaea	Thermoproteota	Thermoprotei	Sulfolobales	Sulfolobaceae	Sulfolobus	
1028566	Sulfolobus acidocaldarius	N8	80.0	Archaea	Thermoproteota	Thermoprotei	Sulfolobales	Sulfolobaceae	Sulfolobus	
2285	Sulfolobus acidocaldarius	NG05A_C04	58.2	Archaea	Thermoproteota	Thermoprotei	Sulfolobales	Sulfolobaceae	Sulfolobus	
2285	Sulfolobus acidocaldarius	NG05A_C05_01	58.2	Archaea	Thermoproteota	Thermoprotei	Sulfolobales	Sulfolobaceae	Sulfolobus	
2285	Sulfolobus acidocaldarius	NG05B_C03_01	58.2	Archaea	Thermoproteota	Thermoprotei	Sulfolobales	Sulfolobaceae	Sulfolobus	
2285	Sulfolobus acidocaldarius	NG05B_C06_02	58.2	Archaea	Thermoproteota	Thermoprotei	Sulfolobales	Sulfolobaceae	Sulfolobus	
2285	Sulfolobus acidocaldarius	NG05B_C06_03	58.2	Archaea	Thermoproteota	Thermoprotei	Sulfolobales	Sulfolobaceae	Sulfolobus	
2285	Sulfolobus acidocaldarius	NG05B_C06_04	58.2	Archaea	Thermoproteota	Thermoprotei	Sulfolobales	Sulfolobaceae	Sulfolobus	
2285	Sulfolobus acidocaldarius	NG05B_C06_05	58.2	Archaea	Thermoproteota	Thermoprotei	Sulfolobales	Sulfolobaceae	Sulfolobus	
2285	Sulfolobus acidocaldarius	NG05B_C06_06	58.2	Archaea	Thermoproteota	Thermoprotei	Sulfolobales	Sulfolobaceae	Sulfolobus	
2285	Sulfolobus acidocaldarius	NG05B_C06_07	58.2	Archaea	Thermoproteota	Thermoprotei	Sulfolobales	Sulfolobaceae	Sulfolobus	
2285	Sulfolobus acidocaldarius	NG05B_C06_11	58.2	Archaea	Thermoproteota	Thermoprotei	Sulfolobales	Sulfolobaceae	Sulfolobus	
2285	Sulfolobus acidocaldarius	NG05B_C06_12	58.2	Archaea	Thermoproteota	Thermoprotei	Sulfolobales	Sulfolobaceae	Sulfolobus	
2285	Sulfolobus acidocaldarius	NG05B_C06_13	58.2	Archaea	Thermoproteota	Thermoprotei	Sulfolobales	Sulfolobaceae	Sulfolobus	
2285	Sulfolobus acidocaldarius	NG05B_CO5_01	58.2	Archaea	Thermoproteota	Thermoprotei	Sulfolobales	Sulfolobaceae	Sulfolobus	
2285	Sulfolobus acidocaldarius	NG05B_CO5_02	58.2	Archaea	Thermoproteota	Thermoprotei	Sulfolobales	Sulfolobaceae	Sulfolobus	
2285	Sulfolobus acidocaldarius	NG05B_CO5_03	58.2	Archaea	Thermoproteota	Thermoprotei	Sulfolobales	Sulfolobaceae	Sulfolobus	
2285	Sulfolobus acidocaldarius	NG05B_CO5_04	58.2	Archaea	Thermoproteota	Thermoprotei	Sulfolobales	Sulfolobaceae	Sulfolobus	
2285	Sulfolobus acidocaldarius	NG05B_CO5_05	58.2	Archaea	Thermoproteota	Thermoprotei	Sulfolobales	Sulfolobaceae	Sulfolobus	
2285	Sulfolobus acidocaldarius	NG05B_CO5_06	58.2	Archaea	Thermoproteota	Thermoprotei	Sulfolobales	Sulfolobaceae	Sulfolobus	
2285	Sulfolobus acidocaldarius	NG05B_CO5_07	58.2	Archaea	Thermoproteota	Thermoprotei	Sulfolobales	Sulfolobaceae	Sulfolobus	
2285	Sulfolobus acidocaldarius	NG05B_CO5_08	58.2	Archaea	Thermoproteota	Thermoprotei	Sulfolobales	Sulfolobaceae	Sulfolobus	
2285	Sulfolobus acidocaldarius	Ron12/I	75.0	Archaea	Thermoproteota	Thermoprotei	Sulfolobales	Sulfolobaceae	Sulfolobus	
2285	Sulfolobus acidocaldarius	NG05B_CO5_15	58.2	Archaea	Thermoproteota	Thermoprotei	Sulfolobales	Sulfolobaceae	Sulfolobus	
2285	Sulfolobus acidocaldarius	NG05B_CO5_14	58.2	Archaea	Thermoproteota	Thermoprotei	Sulfolobales	Sulfolobaceae	Sulfolobus	
2285	Sulfolobus acidocaldarius	NG05B_CO5_13	58.2	Archaea	Thermoproteota	Thermoprotei	Sulfolobales	Sulfolobaceae	Sulfolobus	
2285	Sulfolobus acidocaldarius	NG05B_CO5_12	58.2	Archaea	Thermoproteota	Thermoprotei	Sulfolobales	Sulfolobaceae	Sulfolobus	
2285	Sulfolobus acidocaldarius	NG05B_CO5_11	58.2	Archaea	Thermoproteota	Thermoprotei	Sulfolobales	Sulfolobaceae	Sulfolobus	
2285	Sulfolobus acidocaldarius	NG05B_CO5_10	58.2	Archaea	Thermoproteota	Thermoprotei	Sulfolobales	Sulfolobaceae	Sulfolobus	
419942	Sulfolobus islandicus	Y.N.15.51	59.0	Archaea	Thermoproteota	Thermoprotei	Sulfolobales	Sulfolobaceae	Sulfolobus	
439386	Sulfolobus islandicus	Y.G.57.14	72.0	Archaea	Thermoproteota	Thermoprotei	Sulfolobales	Sulfolobaceae	Sulfolobus	
1132506	Sulfolobus islandicus	M.16.47	76.5	Archaea	Thermoproteota	Thermoprotei	Sulfolobales	Sulfolobaceae	Sulfolobus	
1132505	Sulfolobus islandicus	M.16.46	76.5	Archaea	Thermoproteota	Thermoprotei	Sulfolobales	Sulfolobaceae	Sulfolobus	
1132504	Sulfolobus islandicus	M.16.43	76.5	Archaea	Thermoproteota	Thermoprotei	Sulfolobales	Sulfolobaceae	Sulfolobus	
1132503	Sulfolobus islandicus	M.16.40	76.5	Archaea	Thermoproteota	Thermoprotei	Sulfolobales	Sulfolobaceae	Sulfolobus	
426118	Sulfolobus islandicus	M.16.4	76.5	Archaea	Thermoproteota	Thermoprotei	Sulfolobales	Sulfolobaceae	Sulfolobus	
1132502	Sulfolobus islandicus	M.16.30	76.5	Archaea	Thermoproteota	Thermoprotei	Sulfolobales	Sulfolobaceae	Sulfolobus	
427318	Sulfolobus islandicus	M.16.27	76.5	Archaea	Thermoproteota	Thermoprotei	Sulfolobales	Sulfolobaceae	Sulfolobus	
1132501	Sulfolobus islandicus	M.16.23	76.5	Archaea	Thermoproteota	Thermoprotei	Sulfolobales	Sulfolobaceae	Sulfolobus	
1132500	Sulfolobus islandicus	M.16.22	76.5	Archaea	Thermoproteota	Thermoprotei	Sulfolobales	Sulfolobaceae	Sulfolobus	
1132497	Sulfolobus islandicus	M.16.2	76.5	Archaea	Thermoproteota	Thermoprotei	Sulfolobales	Sulfolobaceae	Sulfolobus	
43080	Sulfolobus islandicus	SCGC AB-777_J04	83.0	Archaea	Thermoproteota	Thermoprotei	Sulfolobales	Sulfolobaceae	Sulfolobus	
1132499	Sulfolobus islandicus	M.16.13	76.5	Archaea	Thermoproteota	Thermoprotei	Sulfolobales	Sulfolobaceae	Sulfolobus	
1132498	Sulfolobus islandicus	M.16.12	76.5	Archaea	Thermoproteota	Thermoprotei	Sulfolobales	Sulfolobaceae	Sulfolobus	
427317	Sulfolobus islandicus	M.14.25	91.0	Archaea	Thermoproteota	Thermoprotei	Sulfolobales	Sulfolobaceae	Sulfolobus	
429572	Sulfolobus islandicus	L.S.2.15	78.0	Archaea	Thermoproteota	Thermoprotei	Sulfolobales	Sulfolobaceae	Sulfolobus	
425944	Sulfolobus islandicus	L.D.8.5	78.0	Archaea	Thermoproteota	Thermoprotei	Sulfolobales	Sulfolobaceae	Sulfolobus	
523847	Sulfolobus metallicus	JCM 9184	65.0	Archaea	Thermoproteota	Thermoprotei	Sulfolobales	Sulfolobaceae	Sulfuracidifex	
1891280	Sulfolobus sp.	A20	80.0	Archaea	Thermoproteota	Thermoprotei	Sulfolobales	Sulfolobaceae	Sulfolobus	
1294262	Sulfolobus sp.	JCM 16833	60.0	Archaea	Thermoproteota	Thermoprotei	Sulfolobales	Sulfolobaceae	Sulfuracidifex	
1987490	Sulfolobus sp.	SCGC_777_G05	83.0	Archaea	Thermoproteota	Thermoprotei	Sulfolobales	Sulfolobaceae	Sulfolobus	
1987491	Sulfolobus sp.	SCGC_777_G06	83.0	Archaea	Thermoproteota	Thermoprotei	Sulfolobales	Sulfolobaceae	Sulfolobus	
1987492	Sulfolobus sp.	SCGC_777_L09	83.0	Archaea	Thermoproteota	Thermoprotei	Sulfolobales	Sulfolobaceae	Sulfolobus	
2043164	Sulfopaludibacter sp. (Candidatus)	SbA3	14.0	Bacteria	Acidobacteriota	Terriglobia	Bryobacterales	Solibacteraceae	Candidatus Sulfopaludibacter	
2043166	Sulfopaludibacter sp. (Candidatus)	SbA6	14.0	Bacteria	Acidobacteriota	Terriglobia	Bryobacterales	Solibacteraceae	Candidatus Sulfopaludibacter	
2043165	Sulfopaludibacter sp. (Candidatus)	SbA4	14.0	Bacteria	Acidobacteriota	Terriglobia	Bryobacterales	Solibacteraceae	Candidatus Sulfopaludibacter	
2042962	Sulfotelmatobacter kueseliae (Candidatus)	SbA1	14.0	Bacteria	Acidobacteriota	Terriglobia	Terriglobales	Acidobacteriaceae	Candidatus Sulfotelmatobacter	
2043160	Sulfotelmatobacter sp. (Candidatus)	SbA7	14.0	Bacteria	Acidobacteriota	Terriglobia	Terriglobales	Acidobacteriaceae	Candidatus Sulfotelmatobacter	
2043161	Sulfotelmatomonas gaucii (Candidatus)	SbA5	14.0	Bacteria	Acidobacteriota	Terriglobia	Terriglobales	Acidobacteriaceae	Candidatus Sulfotelmatomonas	
1970440	Sulfuricurvum sp.	24-42-5	15.27	Bacteria	Campylobacterota	Epsilonproteobacteria	Campylobacterales	Thiovulaceae	Sulfuricurvum	
1970439	Sulfuricurvum sp.	17-40-25	15.27	Bacteria	Campylobacterota	Epsilonproteobacteria	Campylobacterales	Thiovulaceae	Sulfuricurvum	
273063	Sulfurisphaera tokodaii	7 = JCM 10545	80.0	Archaea	Thermoproteota	Thermoprotei	Sulfolobales	Sulfolobaceae	Sulfurisphaera	
1970444	Sulfurovum sp.	28-43-6	15.27	Bacteria	Campylobacterota	Epsilonproteobacteria	Campylobacterales	Sulfurovaceae	Sulfurovum	
1970446	Sulfurovum sp.	39-42-12	15.27	Bacteria	Campylobacterota	Epsilonproteobacteria	Campylobacterales	Sulfurovaceae	Sulfurovum	
1970443	Sulfurovum sp.	24-42-9	15.27	Bacteria	Campylobacterota	Epsilonproteobacteria	Campylobacterales	Sulfurovaceae	Sulfurovum	
1970445	Sulfurovum sp.	35-42-20	15.27	Bacteria	Campylobacterota	Epsilonproteobacteria	Campylobacterales	Sulfurovaceae	Sulfurovum	
1970441	Sulfurovum sp.	16-42-52	15.27	Bacteria	Campylobacterota	Epsilonproteobacteria	Campylobacterales	Sulfurovaceae	Sulfurovum	
1970442	Sulfurovum sp.	17-42-90	15.27	Bacteria	Campylobacterota	Epsilonproteobacteria	Campylobacterales	Sulfurovaceae	Sulfurovum	
1577687	Terracidiphilus gabretensis	S55	24.0	Bacteria	Acidobacteriota	Terriglobia	Terriglobales	Acidobacteriaceae	Terracidiphilus	
278961	Terriglobus sp.	TAA 43	17.5	Bacteria	Acidobacteriota	Terriglobia	Terriglobales	Acidobacteriaceae	Terriglobus	
2026795	Thaumarchaeota archaeon	BS1	77.0	Archaea	Nitrososphaerota					
1434080	Thaumarchaeota archaeon	BS4	77.0	Archaea	Nitrososphaerota					
2026795	Thaumarchaeota archaeon	BS3	77.0	Archaea	Nitrososphaerota					
2026795	Thaumarchaeota archaeon	BS2	77.0	Archaea	Nitrososphaerota					
1293040	Thermocladium modestius	JCM 10088	75.0	Archaea	Thermoproteota	Thermoprotei	Thermoproteales	Thermoproteaceae	Thermocladium	
1714261	Thermocladium sp.	ECH_B	63.5	Archaea	Thermoproteota	Thermoprotei	Thermoproteales	Thermoproteaceae	Thermocladium	
1794699	Thermodesulfobium acidiphilum	3127-1	55.0	Bacteria	Bacillota	Clostridia	Thermoanaerobacterales	Thermodesulfobiaceae	Thermodesulfobium	
1295120	Thermogymnomonas acidicola	JCM 13583	60.0	Archaea	Candidatus Thermoplasmatota	Thermoplasmata	Thermoplasmatales		Thermogymnomonas	
273075	Thermoplasma acidophilum	DSM 1728	59.0	Archaea	Candidatus Thermoplasmatota	Thermoplasmata	Thermoplasmatales	Thermoplasmataceae	Thermoplasma	
1961136	Thermoplasmatales archaeon	B_DKE	22.0	Archaea	Candidatus Thermoplasmatota	Thermoplasmata	Thermoplasmatales			
1961137	Thermoplasmatales archaeon	ARMAN = A_DKE	22.0	Archaea	Candidatus Thermoplasmatota	Thermoplasmata	Thermoplasmatales			
273116	Thermoplasma volcanium	GSS1	60.0	Archaea	Candidatus Thermoplasmatota	Thermoplasmata	Thermoplasmatales	Thermoplasmataceae	Thermoplasma	
1650659	Thermoproteus sp.	CP80	80.0	Archaea	Thermoproteota	Thermoprotei	Thermoproteales	Thermoproteaceae	Thermoproteus	
1714257	Thermoproteus sp.	CIS_19	80.9	Archaea	Thermoproteota	Thermoprotei	Thermoproteales	Thermoproteaceae	Thermoproteus	
768679	Thermoproteus tenax	Kra 1	90.0	Archaea	Thermoproteota	Thermoprotei	Thermoproteales	Thermoproteaceae	Thermoproteus	
426114	Thiomonas arsenitoxydans	CB6	30.0	Bacteria	Pseudomonadota	Betaproteobacteria	Burkholderiales		Thiomonas	
426114	Thiomonas arsenitoxydans	strain 3As	30.0	Bacteria	Pseudomonadota	Betaproteobacteria	Burkholderiales		Thiomonas	
75379	Thiomonas intermedia	K12	30.0	Bacteria	Pseudomonadota	Betaproteobacteria	Burkholderiales		Thiomonas	
926	Thiomonas intermedia	ATCC 15466	30.0	Bacteria	Pseudomonadota	Betaproteobacteria	Burkholderiales		Thiomonas	
554132	Thiomonas sp.	CB3	30.0	Bacteria	Pseudomonadota	Betaproteobacteria	Burkholderiales		Thiomonas	
554131	Thiomonas sp.	CB2	30.0	Bacteria	Pseudomonadota	Betaproteobacteria	Burkholderiales		Thiomonas	
223789	Thiomonas sp.	CB1	30.0	Bacteria	Pseudomonadota	Betaproteobacteria	Burkholderiales		Thiomonas	
1629664	Thiomonas sp.	ACO7	30.0	Bacteria	Pseudomonadota	Betaproteobacteria	Burkholderiales		Thiomonas	
1629663	Thiomonas sp.	ACO3	30.0	Bacteria	Pseudomonadota	Betaproteobacteria	Burkholderiales		Thiomonas	
1970454	Thiomonas sp.	20-64-9	15.27	Bacteria	Pseudomonadota	Betaproteobacteria	Burkholderiales		Thiomonas	
1970453	Thiomonas sp.	20-64-5	15.27	Bacteria	Pseudomonadota	Betaproteobacteria	Burkholderiales		Thiomonas	
1970452	Thiomonas sp.	15-66-11	15.27	Bacteria	Pseudomonadota	Betaproteobacteria	Burkholderiales		Thiomonas	
1970451	Thiomonas sp.	15-63-373	15.27	Bacteria	Pseudomonadota	Betaproteobacteria	Burkholderiales		Thiomonas	
1970450	Thiomonas sp.	14-66-4	15.27	Bacteria	Pseudomonadota	Betaproteobacteria	Burkholderiales		Thiomonas	
1970449	Thiomonas sp.	14-64-326	15.27	Bacteria	Pseudomonadota	Betaproteobacteria	Burkholderiales		Thiomonas	
1970448	Thiomonas sp.	13-66-29	15.27	Bacteria	Pseudomonadota	Betaproteobacteria	Burkholderiales		Thiomonas	
1970447	Thiomonas sp.	13-64-67	15.27	Bacteria	Pseudomonadota	Betaproteobacteria	Burkholderiales		Thiomonas	
1970606	Thiotrichales bacterium	35-46-9	15.44	Bacteria	Pseudomonadota	Gammaproteobacteria	Thiotrichales			
1970601	Thiotrichales bacterium	16-46-22	15.27	Bacteria	Pseudomonadota	Gammaproteobacteria	Thiotrichales			
1970600	Thiotrichales bacterium	12-47-6	15.27	Bacteria	Pseudomonadota	Gammaproteobacteria	Thiotrichales			
1970603	Thiotrichales bacterium	24-47-4	15.44	Bacteria	Pseudomonadota	Gammaproteobacteria	Thiotrichales			
1970604	Thiotrichales bacterium	32-46-8	15.44	Bacteria	Pseudomonadota	Gammaproteobacteria	Thiotrichales			
1970602	Thiotrichales bacterium	17-46-47	15.44	Bacteria	Pseudomonadota	Gammaproteobacteria	Thiotrichales			
1970605	Thiotrichales bacterium	34-46-19	15.44	Bacteria	Pseudomonadota	Gammaproteobacteria	Thiotrichales			
1970607	Thiotrichales bacterium	39-47-5	15.44	Bacteria	Pseudomonadota	Gammaproteobacteria	Thiotrichales			
478741	Verrucomicrobia bacterium	LP2A	30.0	Bacteria	Verrucomicrobiota					
1970608	Verrucomicrobia bacterium	12-59-8	15.44	Bacteria	Verrucomicrobiota					
1970609	Verrucomicrobia bacterium	21-51-4	15.44	Bacteria	Verrucomicrobiota					
1970610	Verrucomicrobiales bacterium	32-60-5	15.44	Bacteria	Verrucomicrobiota	Verrucomicrobiae	Verrucomicrobiales			
1134055	Verrucomicrobium sp.	3C	35.0	Bacteria	Verrucomicrobiota	Verrucomicrobiae	Verrucomicrobiales	Verrucomicrobiaceae	Verrucomicrobium	
1293044	Vulcanisaeta distributa	JCM 11217	81.0	Archaea	Thermoproteota	Thermoprotei	Thermoproteales	Thermoproteaceae	Vulcanisaeta	
1295124	Vulcanisaeta distributa	JCM 11215	81.0	Archaea	Thermoproteota	Thermoprotei	Thermoproteales	Thermoproteaceae	Vulcanisaeta	
1293043	Vulcanisaeta distributa	JCM 11216	81.0	Archaea	Thermoproteota	Thermoprotei	Thermoproteales	Thermoproteaceae	Vulcanisaeta	
1295123	Vulcanisaeta distributa	JCM 11213	81.0	Archaea	Thermoproteota	Thermoprotei	Thermoproteales	Thermoproteaceae	Vulcanisaeta	
572478	Vulcanisaeta distributa	DSM 14429	90.0	Archaea	Thermoproteota	Thermoprotei	Thermoproteales	Thermoproteaceae	Vulcanisaeta	
1293586	Vulcanisaeta souniana	JCM 11219	77.0	Archaea	Thermoproteota	Thermoprotei	Thermoproteales	Thermoproteaceae	Vulcanisaeta	
1714252	Vulcanisaeta sp.	OSP_8	73.5	Archaea	Thermoproteota	Thermoprotei	Thermoproteales	Thermoproteaceae	Vulcanisaeta	
1714251	Vulcanisaeta sp.	CIS_19	80.9	Archaea	Thermoproteota	Thermoprotei	Thermoproteales	Thermoproteaceae	Vulcanisaeta	
1714250	Vulcanisaeta sp.	MG_3	82.3	Archaea	Thermoproteota	Thermoprotei	Thermoproteales	Thermoproteaceae	Vulcanisaeta	
867917	Vulcanisaeta thermophila	CBA1501 = JCM 17228	85.0	Archaea	Thermoproteota	Thermoprotei	Thermoproteales	Thermoproteaceae	Vulcanisaeta	
1971594	Xanthobacter sp.	35-67-6	15.44	Bacteria	Pseudomonadota	Alphaproteobacteria	Hyphomicrobiales	Xanthobacteraceae	Xanthobacter	
1971593	Xanthobacter sp.	17-67-6	15.44	Bacteria	Pseudomonadota	Alphaproteobacteria	Hyphomicrobiales	Xanthobacteraceae	Xanthobacter	
1970611	Xanthomonadales bacterium	13-68-4	15.44	Bacteria	Pseudomonadota	Gammaproteobacteria	Xanthomonadales			
1970613	Xanthomonadales bacterium	15-68-25	15.44	Bacteria	Pseudomonadota	Gammaproteobacteria	Xanthomonadales			
1970612	Xanthomonadales bacterium	14-68-21	15.44	Bacteria	Pseudomonadota	Gammaproteobacteria	Xanthomonadales			
