Temp	Name	Strain
22,5	Methanoculleus marisnigri	JR1
23,5	Methanococcoides burtonii	DSM 6242
33,5	Halorubrum lacusprofundi	ATCC 49239
33,5	Methanospirillum hungatei	JF-1
35	Methanococcoides methylutens	MM1
35	Methanohalophilus halophilus	Z-7982
35	Methanohalophilus mahii	DSM 5219
35	Methanosarcina barkeri	227
35	Methanosarcina barkeri	3
35	Methanosarcina barkeri	CM1
35	Methanosarcina barkeri	Fusaro
35	Methanosarcina barkeri	MS
35	Methanosarcina barkeri	Wiesmoor
35	Methanosarcina mazei	Go1
35	Methanosarcina mazei	LYC
35	Methanosarcina mazei	S-6
35	Methanosarcina mazei	SarPi
35	Methanosarcina mazei	WWM610
37	Methanobrevibacter ruminantium	M1
37	Methanobrevibacter smithii	"ATCC 35061; PS; DSMZ 861"
37	Methanocorpusculum labreanum	Z
37	Methanoculleus bourgensis	[isolate BA1]
37	Methanoculleus bourgensis	MS2T
37	Methanolobus psychrophilus	R15
37	Methanosphaera stadtmanae	DSM 3091
37	Natronobacterium gregoryi	SP2
37,5	Haloarcula hispanica	CGMCC 1.2049
37,5	Haloarcula hispanica	N601
37,5	Haloferax gibbonsii	ARA6
37,5	Methanobacterium formicicum	DSM1535
37,5	Methanobacterium formicicum	[isolate Mb9]
37,5	Methanobacterium formicicum	BRM9
37,5	Methanococcus aeolicus	Nankai-3
37,5	Methanococcus maripaludis	C5
37,5	Methanococcus maripaludis	C6
37,5	Methanococcus maripaludis	C7
37,5	Methanococcus maripaludis	S2
37,5	Methanococcus maripaludis	X1
37,5	Methanococcus vannielii	SB
37,5	Methanococcus voltae	A3
37,5	Methanosaeta concilii	GP6
37,5	Methanosarcina acetivorans	C2A
37,5	Natronococcus occultus	SP4
38,5	Methanosarcina vacuolata	Z-761
38,5	Natrialba magadii	ATCC 43099
38,5	Natrinema pellirubrum	DSM 15624
40	Halogeometricum borinquense	PR 3
45	Haloarcula marismortui	ATCC 43049
45	Haloferax volcanii	DS2
45	Haloterrigena turkmenica	DSM 5511
45	Natronomonas pharaonis	Gabara
47,5	Methanohalobium evestigatum	Z-7303
48,5	Haloferax mediterranei	CGMCC 1.2087
50	Halobacterium salinarum	DSM 671 = R1
50	Halobacterium salinarum	"NRC-1; ATCC 700922"
52,5	Methanosarcina thermophila	TM-1
59	Thermoplasma acidophilum	DSM 1728
60	Methanothermobacter marburgensis	Marburg
60	Methanothermobacter thermautotrophicus	Delta H
60	Methanothermobacter wolfeii	[isolate SIV6]
60	Thermoplasma volcanium	GSS1
62,5	Methanothermococcus okinawensis	IH1
72,5	Sulfolobus acidocaldarius	DG1
72,5	Sulfolobus acidocaldarius	DSM 639
72,5	Sulfolobus acidocaldarius	N8
72,5	Sulfolobus acidocaldarius	Ron12/I
72,5	Sulfolobus acidocaldarius	Y14 13-1
72,5	Sulfolobus acidocaldarius	Y14 16-22
72,5	Sulfolobus acidocaldarius	Y14 18-5
72,5	Sulfolobus acidocaldarius	Y14 20-20
75	Metallosphaera cuprina	Ar-4
75	Metallosphaera sedula	ARS120-1
75	Metallosphaera sedula	ARS120-2
75	Metallosphaera sedula	ARS50-1
75	Metallosphaera sedula	ARS50-2
75	Metallosphaera sedula	DSM 5348
75	Metallosphaera sedula	SARC-M1
80	Archaeoglobus veneficus	SNP6
80	Methanocaldococcus vulcanius	M7
80	Thermococcus profundus	DT 5432
82	Archaeoglobus profundus	DSM 5631
82,5	Methanothermus fervidus	DSM 2088
83	Archaeoglobus fulgidus	DSM 4304
83	Archaeoglobus fulgidus	DSM 8774
84	Thermococcus gorgonarius	W-12
84	Thermococcus pacificus	P-4
85	Caldivirga maquilingensis	IC-167
85	Desulfurococcus mucosus	DSM 2162
85	Ferroglobus placidus	DSM 10642
85	Methanocaldococcus bathoardescens	JH146
85	Methanocaldococcus fervens	AG86
85	Methanocaldococcus infernus	ME
85	Methanocaldococcus jannaschii	DSM 2661
85	Sulfolobus solfataricus	98/2
85	Sulfolobus solfataricus	P1
85	Sulfolobus solfataricus	P2
85	Sulfolobus solfataricus	SULA
85	Sulfolobus solfataricus	SULB
85	Sulfolobus solfataricus	SULC
85	Thermococcus barophilus	CH5
85	Thermococcus barophilus	MP
85	Thermococcus chitonophagus	[isolate 1]
85	Thermococcus chitonophagus	GC74
85	Thermococcus peptonophilus	OG-1
85	Thermosphaera aggregans	DSM 11486
87,5	Thermofilum pendens	Hrk 5
88	Methanotorris igneus	Kol 5
88	Thermococcus celer	Vu 13
88	Thermococcus guaymasensis	DSM 11113
88	Thermococcus litoralis	DSM 5473
90	Ignicoccus islandicus	DSM 13165
90	Thermoproteus tenax	Kra 1
90	Thermoproteus uzoniensis	768-20
91	Desulfurococcus amylolyticus	1221n
91	Desulfurococcus amylolyticus	DSM 16532
92	Staphylothermus marinus	F1
96	Pyrococcus abyssi	Orsay
98	Pyrococcus horikoshii	OT3
100	Pyrobaculum islandicum	DSM 4184
100	Pyrococcus furiosus	COM1
100	Pyrococcus furiosus	DSM 3638
106	Pyrolobus fumarii	1A
114	Hyperthermus butylicus	DSM 5456
7	Clostridium estertheticum	
7	Octadecabacter antarcticus	
7	Shewanella violacea	
9,5	Colwellia psychrerythraea	
9,5	Octadecabacter arcticus	
10	Desulfotalea psychrophila	
10	Photobacterium profundum	
12,5	Psychroflexus torquis	
15	Cellulophaga algicola	
15	Rhodoferax antarcticus	
16,5	Piscirickettsia salmonis	
16,5	Renibacterium salmoninarum	
17,5	Cellulophaga baltica	
17,5	Flavobacterium psychrophilum	
17,5	Terriglobus roseus	
18	Psychrobacter urativorans	
20	Aequorivita sublithincola	
20	Fluviicola taffensis	
20	Pedobacter cryoconitis	
20	Pseudomonas fragi	
20	Sorangium cellulosum	
20	Vibrio anguillarum	
21	Antarctobacter heliothermus	
21	Shewanella frigidimarina	
21,5	Croceibacter atlanticus	
21,5	Flavobacterium branchiophilum	
21,5	Salinispora tropica	
22	Oenococcus oeni	
22	Pediococcus damnosus	
22	Tolumonas auensis	
22,5	Acinetobacter johnsonii	
22,5	Arthrobacter alpinus	
22,5	Brevibacterium linens	
22,5	Maricaulis maris	
22,5	Microterricola viridarii	
22,5	Nocardia seriolae	
22,5	Pelodictyon phaeoclathratiforme	
22,5	Pseudarthrobacter sulfonivorans	
22,5	Rhodococcus jostii	
22,5	Shewanella woodyi	
23	Singulisphaera acidiphila	
23,5	Aeromonas salmonicida	
23,5	Chitinophaga pinensis	
23,5	Lactobacillus lindneri	
24	Salinispora arenicola	
24,5	Clavibacter michiganensis	
25	Aeromonas media	
25	Alcanivorax borkumensis	
25	Aliivibrio fischeri	
25	Azotobacter chroococcum	
25	Bdellovibrio bacteriovorus	
25	Beijerinckia indica	
25	Belliella baltica	
25	Catenulispora acidiphila	
25	Chlorobium phaeobacteroides	
25	Chlorobium phaeovibrioides	
25	Chloroherpeton thalassium	
25	Coraliomargarita akajimensis	
25	Crinalium epipsammum	
25	Hirschia baltica	
25	Leuconostoc citreum	
25	Leuconostoc gelidum	
25	Leuconostoc lactis	
25	Leuconostoc mesenteroides	
25	Marinomonas mediterranea	
25	Microlunatus phosphovorus	
25	Nakamurella multipartita	
25	Nocardioides dokdonensis	
25	Pedobacter heparinus	
25	Pseudarthrobacter chlorophenolicus	
25	Pseudoalteromonas luteoviolacea	
25	Roseobacter denitrificans	
25	Roseobacter litoralis	
25	Shewanella pealeana	
25	Sodalis glossinidius	
25	Spirosoma rigui	
25	Sporosarcina psychrophila	
25	Sporosarcina ureae	
25	Tatumella citrea	
25	Vibrio nigripulchritudo	
25,5	Rathayibacter toxicus	
25,5	Rathayibacter tritici	
26	Cellulophaga lytica	
26	Geodermatophilus obscurus	
26	Vibrio scophthalmi	
26,5	Agrobacterium rhizogenes	
26,5	Agrobacterium tumefaciens	
26,5	Agrobacterium vitis	
26,5	Bartonella bacilliformis	
26,5	Haliscomenobacter hydrossis	
27	Bacillus flexus	
27	Cupriavidus necator	
27	Ensifer adhaerens	
27	Pirellula staleyi	
27	Xylella fastidiosa	
27,5	Anaerotignum propionicum	
27,5	Asticcacaulis excentricus	
27,5	Blastochloris viridis	
27,5	Brachybacterium faecium	
27,5	Bradyrhizobium japonicum	
27,5	Brevundimonas subvibrioides	
27,5	Brevundimonas vesicularis	
27,5	Campylobacter fetus	
27,5	Caulobacter henricii	
27,5	Caulobacter vibrioides	
27,5	Chryseobacterium indologenes	
27,5	Coriobacterium glomerans	
27,5	Corynebacterium variabile	
27,5	Cyclobacterium amurskyense	
27,5	Cyclobacterium marinum	
27,5	Edwardsiella ictaluri	
27,5	Erythrobacter litoralis	
27,5	Flavobacterium columnare	
27,5	Flavobacterium johnsoniae	
27,5	Frateuria aurantia	
27,5	Gluconobacter oxydans	
27,5	Marichromatium purpuratum	
27,5	Mesorhizobium amorphae	
27,5	Mesorhizobium ciceri	
27,5	Mesorhizobium loti	
27,5	Methylobacterium extorquens	
27,5	Methylobacterium radiotolerans	
27,5	Methylobacterium zatmanii	
27,5	Microbacterium paludicola	
27,5	Pararhodospirillum photometricum	
27,5	Pseudodesulfovibrio aespoeensis	
27,5	Pseudomonas azotoformans	
27,5	Pseudomonas fulva	
27,5	Pseudomonas putida	
27,5	Rhizobium etli	
27,5	Rhizobium gallicum	
27,5	Rhizobium leguminosarum	
27,5	Rhizobium tropici	
27,5	Runella slithyformis	
27,5	Sanguibacter keddieii	
27,5	Sinorhizobium fredii	
27,5	Sinorhizobium medicae	
27,5	Sinorhizobium meliloti	
27,5	Starkeya novella	
27,5	Streptomyces albus	
27,5	Thioflavicoccus mobilis	
27,5	Xanthobacter autotrophicus	
27,5	Zymomonas mobilis	
28	Bacillus endophyticus	
28	Beutenbergia cavernae	
28	Burkholderia pyrrocinia	
28	Corynebacterium halotolerans	
28	Desulfobacula toluolica	
28	Desulfosporosinus meridiei	
28	Dyadobacter fermentans	
28	Gottschalkia acidurici	
28	Leifsonia xyli	
28	Microbacterium chocolatum	
28	Nocardiopsis alba	
28	Paenibacillus borealis	
28	Paenibacillus graminis	
28	Paenibacillus odorifer	
28	Paenibacillus stellifer	
28	Photorhabdus asymbiotica	
28	Photorhabdus luminescens	
28	Photorhabdus temperata	
28	Saccharothrix espanaensis	
28	Staphylococcus succinus	
28	Sulfurospirillum deleyianum	
28	Xanthomonas albilineans	
28	Xanthomonas axonopodis	
28	Xanthomonas campestris	
28	Xanthomonas fragariae	
28	Xanthomonas oryzae	
28	Xanthomonas sacchari	
28	Xanthomonas translucens	
28	Xanthomonas vesicatoria	
28	Xenorhabdus bovienii	
28	Xenorhabdus nematophila	
28	Xenorhabdus poinarii	
28	Xylanimonas cellulosilytica	
28,5	Actinoalloteichus hymeniacidonis	
28,5	Alcaligenes faecalis	
28,5	Erwinia amylovora	
28,5	Erwinia billingiae	
28,5	Erwinia pyrifoliae	
28,5	Obesumbacterium proteus	
28,5	Ochrobactrum anthropi	
28,5	Pectobacterium carotovorum	
28,5	Yersinia aldovae	
28,5	Yersinia enterocolitica	
28,5	Yersinia frederiksenii	
28,5	Yersinia intermedia	
28,5	Yersinia kristensenii	
28,5	Yersinia pestis	
28,5	Yersinia pseudotuberculosis	
28,5	Yersinia rohdei	
28,5	Yersinia ruckeri	
29	Actinosynnema mirum	
29	Bacillus atrophaeus	
29	Bacillus subtilis	
29	Bacillus vallismortis	
29	Ketogulonicigenium robustum	
29	Ketogulonicigenium vulgare	
29	Kribbella flavida	
29	Mesoplasma florum	
29	Myxococcus fulvus	
29	Nitrobacter hamburgensis	
29	Nitrobacter winogradskyi	
29	Nocardiopsis gilva	
29	Owenweeksia hongkongensis	
29	Paenibacillus peoriae	
29	Pontibacter akesuensis	
29	Porphyrobacter neustonensis	
29	Pseudomonas resinovorans	
29	Rhodopirellula baltica	
29	Turneriella parva	
29,5	Aeromonas hydrophila	
29,5	Elizabethkingia meningoseptica	
29,5	Elizabethkingia miricola	
29,5	Pragia fontium	
30	Acetobacter aceti	
30	Acetobacter pasteurianus	
30	Acetobacterium woodii	
30	Acholeplasma brassicae	
30	Acholeplasma palmae	
30	Allochromatium vinosum	
30	Bacillus simplex	
30	Brevibacillus brevis	
30	Brevibacillus formosus	
30	Brevibacillus laterosporus	
30	Cellulomonas fimi	
30	Cellulomonas flavigena	
30	Chlorobium limicola	
30	Clostridium aceticum	
30	Clostridium saccharoperbutylacetonicum	
30	Corynebacterium ammoniagenes	
30	Cytophaga hutchinsonii	
30	Dehalobacter restrictus	
30	Deinococcus proteolyticus	
30	Deinococcus radiodurans	
30	Desulfitobacterium metallireducens	
30	Desulfocapsa sulfexigens	
30	Dokdonia donghaensis	
30	Enterobacter asburiae	
30	Enterobacter cloacae	
30	Enterobacter kobei	
30	Gemmatimonas aurantiaca	
30	Gluconacetobacter diazotrophicus	
30	Hafnia alvei	
30	Halothiobacillus neapolitanus	
30	Hydrogenovibrio crunogenus	
30	Hyphomicrobium denitrificans	
30	Ilyobacter polytropus	
30	Isoptericola dokdonensis	
30	Jonesia denitrificans	
30	Leptospira borgpetersenii	
30	Leptospira interrogans	
30	Leptospira santarosai	
30	Magnetospirillum gryphiswaldense	
30	Microbacterium aurum	
30	Microbacterium testaceum	
30	Muricauda ruestringensis	
30	Mycobacterium immunogenum	
30	Mycobacterium marinum	
30	Mycoplasma crocodyli	
30	Mycoplasma mobile	
30	Neisseria weaveri	
30	Oceanobacillus iheyensis	
30	Oligotropha carboxidovorans	
30	Paenibacillus polymyxa	
30	Paenibacillus terrae	
30	Paludibacter propionicigenes	
30	Pantoea agglomerans	
30	Pantoea ananatis	
30	Pantoea stewartii	
30	Paracoccus aminophilus	
30	Pediococcus pentosaceus	
30	Prosthecochloris aestuarii	
30	Pseudoalteromonas atlantica	
30	Pseudoalteromonas espejiana	
30	Pseudoalteromonas haloplanktis	
30	Pseudoalteromonas nigrifaciens	
30	Pseudoalteromonas piscicida	
30	Pseudoalteromonas rubra	
30	Pseudomonas chlororaphis	
30	Pseudomonas cichorii	
30	Pseudomonas citronellolis	
30	Pseudomonas mandelii	
30	Pseudomonas monteilii	
30	Pseudonocardia dioxanivorans	
30	Rahnella aquatilis	
30	Rhodomicrobium vannielii	
30	Robiginitalea biformata	
30	Rubrivivax gelatinosus	
30	Saprospira grandis	
30	Shewanella oneidensis	
30	Spiroplasma atrichopogonis	
30	Spiroplasma chrysopicola	
30	Spiroplasma kunkelii	
30	Spiroplasma sabaudiense	
30	Spiroplasma taiwanense	
30	Spiroplasma turonicum	
30	Staphylococcus equorum	
30	Staphylococcus xylosus	
30	Thiobacillus denitrificans	
30	Thiocystis violascens	
30	Treponema azotonutricium	
30	Treponema primitia	
30	Virgibacillus necropolis	
30,5	Mycobacterium vanbaalenii	
31	Acidiphilium multivorum	
31	Acidobacterium capsulatum	
31	Corynebacterium glutamicum	
31	Corynebacterium marinum	
31	Dermacoccus nishinomiyaensis	
31	Echinicola vietnamensis	
31	Mycobacterium aurum	
31	Mycobacterium chimaera	
31	Mycobacterium chubuense	
31	Mycobacterium gilvum	
31	Mycobacterium haemophilum	
31	Mycobacterium neoaurum	
31	Pelobacter acetylenicus	
31	Propionibacterium freudenreichii	
31,5	Staphylococcus saprophyticus	
32	Blastococcus saxobsidens	
32	Borreliella burgdorferi	
32	Clostridium saccharobutylicum	
32	Herbaspirillum frisingense	
32	Herbaspirillum rubrisubalbicans	
32	Herbaspirillum seropedicae	
32	Kytococcus sedentarius	
32	Marinobacter hydrocarbonoclasticus	
32	Rhodobacter sphaeroides	
32	Spiroplasma cantharicola	
32	Spiroplasma citri	
32	Spiroplasma corruscae	
32	Spiroplasma diminutum	
32	Spiroplasma helicoides	
32	Spiroplasma litorale	
32	Spiroplasma syrphidicola	
32,5	Acidithiobacillus ferrooxidans	
32,5	Alteromonas macleodii	
32,5	Burkholderia cepacia	
32,5	Burkholderia gladioli	
32,5	Burkholderia glumae	
32,5	Chromobacterium violaceum	
32,5	Conexibacter woesei	
32,5	Desulfomicrobium baculatum	
32,5	Intrasporangium calvum	
32,5	Methylomonas methanica	
32,5	Mycobacterium abscessus	
32,5	Nocardiopsis dassonvillei	
32,5	Paenibacillus larvae	
32,5	Prauserella marina	
32,5	Rhodobacter capsulatus	
32,5	Rhodospirillum rubrum	
32,5	Rhodovulum sulfidophilum	
32,5	Shewanella putrefaciens	
32,5	Staphylococcus hyicus	
32,5	Staphylococcus simulans	
32,5	Streptomyces avermitilis	
32,5	Tetragenococcus halophilus	
32,5	Thiomonas intermedia	
33	Desulfovibrio africanus	
33	Desulfovibrio desulfuricans	
33	Desulfovibrio salexigens	
33	Desulfovibrio vulgaris	
33	Pelobacter propionicus	
33	Rickettsia africae	
33	Rickettsia australis	
33	Rickettsia conorii	
33	Rickettsia japonica	
33	Rickettsia montanensis	
33	Rickettsia parkeri	
33	Rickettsia rickettsii	
33	Rickettsia slovaca	
33	Segniliparus rotundus	
33	Sulfurospirillum barnesii	
33,5	[Clostridium] cellulolyticum	
33,5	Acidaminococcus fermentans	
33,5	Acidiphilium cryptum	
33,5	Actinomyces meyeri	
33,5	Aminobacter aminovorans	
33,5	Bacteroides caccae	
33,5	Burkholderia thailandensis	
33,5	Clostridium botulinum	
33,5	Clostridium butyricum	
33,5	Clostridium scatologenes	
33,5	Clostridium tyrobutyricum	
33,5	Corynebacterium diphtheriae	
33,5	Corynebacterium maris	
33,5	Dialister pneumosintes	
33,5	Erysipelothrix rhusiopathiae	
33,5	Hyphomonas neptunium	
33,5	Leptospirillum ferrooxidans	
33,5	Listeria innocua	
33,5	Listeria ivanovii	
33,5	Listeria monocytogenes	
33,5	Listeria seeligeri	
33,5	Listeria welshimeri	
33,5	Paenibacillus durus	
33,5	Paenibacillus kribbensis	
33,5	Paenibacillus naphthalenovorans	
33,5	Paracoccus denitrificans	
33,5	Prevotella ruminicola	
33,5	Pseudarthrobacter phenanthrenivorans	
33,5	Rothia mucilaginosa	
33,5	Serratia fonticola	
33,5	Serratia liquefaciens	
33,5	Serratia marcescens	
33,5	Serratia proteamaculans	
33,5	Serratia rubidaea	
33,5	Spirochaeta africana	
33,5	Staphylococcus aureus	
33,5	Staphylococcus epidermidis	
33,5	Thauera chlorobenzoica	
33,5	Veillonella parvula	
34	Dactylococcopsis salina	
34	Moraxella catarrhalis	
34	Moraxella ovis	
34,5	Parachlamydia acanthamoebae	
34,5	Spiroplasma apis	
35	Amphibacillus xylanus	
35	Bacillus amyloliquefaciens	
35	Bartonella tribocorum	
35	Clostridium kluyveri	
35	Clostridium sporogenes	
35	Corynebacterium efficiens	
35	Desulfococcus multivorans	
35	Macrococcus caseolyticus	
35	Melissococcus plutonius	
35	Mycobacterium smegmatis	
35	Neisseria elongata	
35	Nocardia farcinica	
35	Nocardia nova	
35	Pelobacter carbinolicus	
35	Pseudomonas mendocina	
35	Pseudomonas stutzeri	
35	Rickettsia prowazekii	
35	Rickettsia typhi	
35	Roseateles depolymerans	
35	Roseomonas gilardii	
35	Staphylococcus capitis	
35	Staphylococcus haemolyticus	
35	Staphylococcus lugdunensis	
35	Staphylococcus warneri	
35	Syntrophus aciditrophicus	
35	Zobellia galactanivorans	
35,5	Bifidobacterium asteroides	
35,5	Neisseria gonorrhoeae	
35,5	Neisseria lactamica	
36	[Haemophilus] ducreyi	
36	[Haemophilus] parasuis	
36	Actinomyces oris	
36	Actinomyces radicidentis	
36	Bartonella clarridgeiae	
36	Bartonella grahamii	
36	Bartonella henselae	
36	Bartonella quintana	
36	Bartonella vinsonii	
36	Bordetella avium	
36	Bordetella bronchiseptica	
36	Bordetella hinzii	
36	Bordetella holmesii	
36	Bordetella parapertussis	
36	Bordetella pertussis	
36	Bordetella trematum	
36	Campylobacter jejuni	
36	Capnocytophaga canimorsus	
36	Capnocytophaga haemolytica	
36	Capnocytophaga ochracea	
36	Clostridium argentinense	
36	Corynebacterium jeikeium	
36	Desulfotomaculum gibsoniae	
36	Enterococcus casseliflavus	
36	Enterococcus durans	
36	Enterococcus faecalis	
36	Enterococcus faecium	
36	Enterococcus gallinarum	
36	Enterococcus hirae	
36	Enterococcus mundtii	
36	Fusobacterium nucleatum	
36	Gardnerella vaginalis	
36	Haemophilus influenzae	
36	Haemophilus parainfluenzae	
36	Lawsonia intracellularis	
36	Legionella pneumophila	
36	Leptotrichia buccalis	
36	Methylovorus glucosotrophus	
36	Mobiluncus curtisii	
36	Morganella morganii	
36	Nocardia brasiliensis	
36	Ornithobacterium rhinotracheale	
36	Pseudopropionibacterium propionicum	
36	Rothia dentocariosa	
36	Streptobacillus moniliformis	
36	Streptococcus parauberis	
36	Syntrophomonas wolfei	
36	Taylorella equigenitalis	
36	Ureaplasma parvum	
36	Vibrio cholerae	
36,5	Cutibacterium acnes	
36,5	Neisseria meningitidis	
36,5	Ureaplasma urealyticum	
37	[Clostridium] saccharolyticum	
37	[Eubacterium] eligens	
37	[Eubacterium] rectale	
37	[Eubacterium] sulci	
37	Acholeplasma laidlawii	
37	Actinobacillus equuli	
37	Actinobacillus pleuropneumoniae	
37	Actinobacillus succinogenes	
37	Actinobacillus suis	
37	Akkermansia muciniphila	
37	Alistipes finegoldii	
37	Aminobacterium colombiense	
37	Arcanobacterium haemolyticum	
37	Atopobium parvulum	
37	Azospira oryzae	
37	Azospirillum brasilense	
37	Azospirillum lipoferum	
37	Bacillus anthracis	
37	Bacillus cereus	
37	Bacillus thuringiensis	
37	Bacteroides dorei	
37	Bacteroides fragilis	
37	Bacteroides helcogenes	
37	Bacteroides ovatus	
37	Bacteroides thetaiotaomicron	
37	Bacteroides vulgatus	
37	Barnesiella viscericola	
37	Brucella abortus	
37	Brucella canis	
37	Brucella melitensis	
37	Brucella ovis	
37	Brucella suis	
37	Burkholderia mallei	
37	Burkholderia pseudomallei	
37	Campylobacter hominis	
37	Campylobacter sputorum	
37	Chlamydia abortus	
37	Chlamydia felis	
37	Chlamydia muridarum	
37	Chlamydia pecorum	
37	Chlamydia pneumoniae	
37	Chlamydia suis	
37	Chlamydia trachomatis	
37	Chromohalobacter salexigens	
37	Citrobacter amalonaticus	
37	Citrobacter braakii	
37	Citrobacter farmeri	
37	Citrobacter freundii	
37	Citrobacter koseri	
37	Citrobacter rodentium	
37	Clostridium beijerinckii	
37	Clostridium cellulovorans	
37	Clostridium chauvoei	
37	Clostridium formicaceticum	
37	Clostridium ljungdahlii	
37	Clostridium pasteurianum	
37	Clostridium tetani	
37	Corynebacterium aquilae	
37	Corynebacterium atypicum	
37	Corynebacterium phocae	
37	Corynebacterium pseudotuberculosis	
37	Corynebacterium resistens	
37	Corynebacterium simulans	
37	Corynebacterium singulare	
37	Corynebacterium sphenisci	
37	Corynebacterium striatum	
37	Corynebacterium urealyticum	
37	Corynebacterium ureicelerivorans	
37	Desulfarculus baarsii	
37	Desulfitobacterium hafniense	
37	Desulfobacca acetoxidans	
37	Desulfomonile tiedjei	
37	Desulfosporosinus orientis	
37	Desulfotomaculum acetoxidans	
37	Desulfotomaculum reducens	
37	Desulfotomaculum ruminis	
37	Desulfovibrio piger	
37	Edwardsiella hoshinae	
37	Edwardsiella tarda	
37	Escherichia coli	
37	Escherichia fergusonii	
37	Eubacterium limosum	
37	Fibrobacter succinogenes	
37	Filifactor alocis	
37	Flavobacterium indicum	
37	Francisella tularensis	
37	Halanaerobium praevalens	
37	Helicobacter bilis	
37	Helicobacter cinaedi	
37	Helicobacter felis	
37	Helicobacter hepaticus	
37	Helicobacter mustelae	
37	Helicobacter pylori	
37	Helicobacter typhlonius	
37	Kutzneria albida	
37	Lactobacillus mucosae	
37	Micrococcus luteus	
37	Mycobacterium africanum	
37	Mycobacterium bovis	
37	Mycobacterium fortuitum	
37	Mycobacterium intracellulare	
37	Mycobacterium kansasii	
37	Mycobacterium leprae	
37	Mycobacterium tuberculosis	
37	Mycoplasma agalactiae	
37	Mycoplasma arginini	
37	Mycoplasma arthritidis	
37	Mycoplasma bovis	
37	Mycoplasma bovoculi	
37	Mycoplasma californicum	
37	Mycoplasma canadense	
37	Mycoplasma canis	
37	Mycoplasma capricolum	
37	Mycoplasma cynos	
37	Mycoplasma dispar	
37	Mycoplasma fermentans	
37	Mycoplasma flocculare	
37	Mycoplasma gallisepticum	
37	Mycoplasma genitalium	
37	Mycoplasma hominis	
37	Mycoplasma hyopneumoniae	
37	Mycoplasma hyorhinis	
37	Mycoplasma leachii	
37	Mycoplasma mycoides	
37	Mycoplasma penetrans	
37	Mycoplasma pneumoniae	
37	Mycoplasma pullorum	
37	Mycoplasma pulmonis	
37	Mycoplasma putrefaciens	
37	Mycoplasma synoviae	
37	Mycoplasma yeatsii	
37	Parvimonas micra	
37	Plesiomonas shigelloides	
37	Porphyromonas asaccharolytica	
37	Porphyromonas gingivalis	
37	Proteus mirabilis	
37	Proteus vulgaris	
37	Providencia rettgeri	
37	Providencia stuartii	
37	Riemerella anatipestifer	
37	Roseburia hominis	
37	Salmonella bongori	
37	Salmonella enterica	
37	Shigella dysenteriae	
37	Shigella sonnei	
37	Spiroplasma culicicola	
37	Spiroplasma mirum	
37	Staphylococcus lutrae	
37	Streptococcus agalactiae	
37	Streptococcus anginosus	
37	Streptococcus constellatus	
37	Streptococcus cristatus	
37	Streptococcus dysgalactiae	
37	Streptococcus equi	
37	Streptococcus gallolyticus	
37	Streptococcus gordonii	
37	Streptococcus infantarius	
37	Streptococcus intermedius	
37	Streptococcus lutetiensis	
37	Streptococcus oralis	
37	Streptococcus parasanguinis	
37	Streptococcus pasteurianus	
37	Streptococcus pneumoniae	
37	Streptococcus pyogenes	
37	Streptococcus salivarius	
37	Streptococcus sanguinis	
37	Streptococcus suis	
37	Streptococcus uberis	
37	Syntrophobacter fumaroxidans	
37	Tannerella forsythia	
37	Treponema pallidum	
37	Treponema putidum	
37	Treponema succinifaciens	
37	Tropheryma whipplei	
37	Wolinella succinogenes	
37,5	Clostridium baratii	
37,5	Desulfitobacterium dehalogenans	
37,5	Eggerthella lenta	
37,5	Mycobacterium goodii	
37,5	Parascardovia denticolens	
37,5	Selenomonas ruminantium	
37,5	Selenomonas sputigena	
37,5	Staphylococcus sciuri	
37,5	Virgibacillus halodenitrificans	
38	Brachyspira hyodysenteriae	
38	Brachyspira intermedia	
38	Brachyspira murdochii	
38	Brachyspira pilosicoli	
38	Clostridium carboxidivorans	
38,5	Desulfohalobium retbaense	
38,5	Halorhodospira halophila	
38,5	Megasphaera elsdenii	
39	Acetohalobium arabaticum	
39	Bifidobacterium adolescentis	
39	Bifidobacterium angulatum	
39	Bifidobacterium bifidum	
39	Bifidobacterium breve	
39	Bifidobacterium catenulatum	
39	Bifidobacterium coryneforme	
39	Bifidobacterium dentium	
39	Bifidobacterium indicum	
39	Bifidobacterium longum	
39	Bifidobacterium pseudocatenulatum	
39	Bifidobacterium pseudolongum	
39	Bifidobacterium scardovii	
39	Bifidobacterium thermophilum	
39	Nitrospira moscoviensis	
39	Pasteurella multocida	
39,5	Mycobacterium avium	
39,5	Ruminococcus albus	
40	Bifidobacterium animalis	
40	Cellulosilyticum lentocellum	
40	Halobacteroides halobius	
40	Pediococcus acidilactici	
40	Salinibacter ruber	
40	Slackia heliotrinireducens	
40,25	Scardovia inopinata	
42	Methylobacillus flagellatus	
42,5	Saccharomonospora viridis	
44	Thermobifida fusca	
45	Acidithiobacillus caldus	
45	Clostridium novyi	
45	Clostridium perfringens	
45	Isosphaera pallida	
45	Methylococcus capsulatus	
46,5	Lactobacillus amylolyticus	
47	Deinococcus geothermalis	
47	Rubrobacter radiotolerans	
47,5	Chlorobaculum tepidum	
47,5	Flexistipes sinusarabici	
48	Acidimicrobium ferrooxidans	
48,5	Bacillus coagulans	
50	Mahella australiensis	
52	Heliobacterium modesticaldum	
52,5	Thermodesulfobium narugense	
53,5	Desulfurella acetivorans	
53,5	Hippea maritima	
55	Bacillus methanolicus	
55	Chloroflexus aggregans	
55	Desulfotomaculum nigrificans	
55	Meiothermus silvanus	
55	Syntrophothermus lipocalidus	
55	Thermanaerovibrio acidaminovorans	
56	Chloroflexus aurantiacus	
56,5	Geobacillus subterraneus	
57,5	[Clostridium] cellulosi	
57,5	Acidothermus cellulolyticus	
57,5	Anoxybacillus gonensis	
57,5	Geobacillus lituanicus	
57,5	Geobacillus thermodenitrificans	
57,5	Thermoanaerobacter mathranii	
57,5	Thermobispora bispora	
58	Moorella thermoacetica	
58	Thermacetogenium phaeum	
58,5	Thermoanaerobacterium thermosaccharolyticum	
60	Anoxybacillus flavithermus	
60	Deferribacter desulfuricans	
60	Geobacillus thermoleovorans	
60	Halothermothrix orenii	
60	Meiothermus ruber	
60	Rubrobacter xylanophilus	
60	Symbiobacterium thermophilum	
60	Thermoanaerobacterium xylanolyticum	
61	Anoxybacillus amylolyticus	
62,5	[Clostridium] stercorarium	
62,5	Alicyclobacillus acidocaldarius	
62,5	Geobacillus kaustophilus	
62,5	Thermoanaerobacter brockii	
63	Coprothermobacter proteolyticus	
65	Caldanaerobacter subterraneus	
65	Fervidobacterium islandicum	
65	Thermoanaerobacter pseudethanolicus	
65	Thermodesulfovibrio yellowstonii	
66	Pseudothermotoga elfii	
66	Thermoanaerobacter kivui	
66,5	Thermoanaerobacter wiegelii	
67	Spirochaeta thermophila	
67,5	Thermus parvatiensis	
68	Caldicellulosiruptor lactoaceticus	
68	Thermosediminibacter oceani	
70	Ammonifex degensii	
70	Caldicellulosiruptor saccharolyticus	
70	Desulfurobacterium thermolithotrophum	
70	Fervidobacterium nodosum	
70	Fervidobacterium pennivorans	
70	Geobacillus thermocatenulatus	
70	Pseudothermotoga hypogea	
70	Thermaerobacter marianensis	
70	Thermoanaerobacter italicus	
70	Thermodesulfobacterium commune	
70	Thermosipho melanesiensis	
70	Thermus aquaticus	
70	Thermus brockianus	
70	Thermus oshimai	
70	Thermus scotoductus	
71	Carboxydothermus hydrogenoformans	
72	Dictyoglomus turgidum	
72,5	Hydrogenobacter thermophilus	
72,5	Rhodothermus marinus	
72,5	Thermomicrobium roseum	
75	Caldicellulosiruptor owensensis	
75	Pseudothermotoga thermarum	
75	Thermosipho africanus	
75,5	Dictyoglomus thermophilum	
78	Caldicellulosiruptor kristjanssonii	
80	Thermocrinis ruber	
80	Thermotoga maritima	
80	Thermotoga neapolitana	
85	Aquifex aeolicus